customer_id,gender,senior_citizen,partner,dependents,tenure_months,internet_service,online_security,tech_support,contract_type,paperless_billing,payment_method,monthly_charges,total_charges,churn
CUST-2026-10001,Male,0,Yes,No,71,No,No internet service,No internet service,One year,Yes,Bank transfer (automatic),20.12,1433.15,No
CUST-2026-10002,Male,0,Yes,Yes,52,Fiber optic,No,No,Month-to-month,No,Electronic check,80.12,4170.48,Yes
CUST-2026-10003,Female,0,No,No,67,Fiber optic,Yes,No,Month-to-month,No,Electronic check,116.62,7812.57,No
CUST-2026-10004,Male,0,Yes,Yes,56,Fiber optic,Yes,No,Two year,Yes,Electronic check,77.45,4345.61,No
CUST-2026-10005,Male,0,No,No,2,Fiber optic,No,Yes,Month-to-month,Yes,Credit card (automatic),71.84,154.35,Yes
CUST-2026-10006,Female,1,No,No,49,DSL,No,No,One year,No,Mailed check,60.06,2960.92,Yes
CUST-2026-10007,Male,0,No,Yes,39,Fiber optic,No,No,Two year,Yes,Bank transfer (automatic),74.31,2884.56,Yes
CUST-2026-10008,Female,0,Yes,No,23,Fiber optic,No,No,Month-to-month,No,Bank transfer (automatic),91.24,2110.68,Yes
CUST-2026-10009,Female,0,No,No,30,Fiber optic,No,No,Two year,Yes,Mailed check,110.99,3330.43,No
CUST-2026-10010,Female,0,No,Yes,20,Fiber optic,No,No,Two year,No,Bank transfer (automatic),101.04,2014.97,Yes
CUST-2026-10011,Male,0,Yes,Yes,31,Fiber optic,No,No,One year,Yes,Credit card (automatic),111.55,3461.07,No
CUST-2026-10012,Male,1,No,Yes,67,Fiber optic,Yes,No,Two year,Yes,Credit card (automatic),111.2,7464.68,No
CUST-2026-10013,Male,1,No,No,60,Fiber optic,No,No,Month-to-month,No,Electronic check,96.24,5774.08,Yes
CUST-2026-10014,Female,0,Yes,No,25,DSL,No,No,Two year,Yes,Mailed check,55.48,1373.08,No
CUST-2026-10015,Male,0,Yes,No,8,No,No internet service,No internet service,One year,No,Mailed check,24.84,200.38,No
CUST-2026-10016,Male,0,No,Yes,60,Fiber optic,Yes,Yes,Month-to-month,No,Credit card (automatic),112.27,6727.23,Yes
CUST-2026-10017,Female,0,No,No,38,DSL,No,No,One year,No,Bank transfer (automatic),56.08,2130.77,No
CUST-2026-10018,Male,0,No,No,18,DSL,No,No,Month-to-month,No,Electronic check,53.12,970.85,Yes
CUST-2026-10019,Female,1,Yes,Yes,41,Fiber optic,No,No,Month-to-month,No,Credit card (automatic),108.78,4451.1,Yes
CUST-2026-10020,Female,0,No,No,9,Fiber optic,No,No,Month-to-month,Yes,Bank transfer (automatic),110.81,1012.48,Yes
CUST-2026-10021,Male,0,No,Yes,71,Fiber optic,No,No,Two year,Yes,Mailed check,107.67,7639.7,No
CUST-2026-10022,Male,0,No,Yes,56,No,No internet service,No internet service,Month-to-month,Yes,Mailed check,21.52,1206.91,Yes
CUST-2026-10023,Male,0,No,Yes,37,No,No internet service,No internet service,Month-to-month,No,Electronic check,21.67,799.85,No
CUST-2026-10024,Female,0,Yes,No,58,No,No internet service,No internet service,Month-to-month,Yes,Electronic check,24.48,1424.57,No
CUST-2026-10025,Male,0,No,Yes,65,Fiber optic,No,No,One year,Yes,Credit card (automatic),102.89,6672.78,No
CUST-2026-10026,Female,0,Yes,No,44,DSL,No,Yes,Two year,Yes,Bank transfer (automatic),50.36,2212.54,No
CUST-2026-10027,Male,0,No,Yes,27,Fiber optic,No,Yes,Month-to-month,Yes,Bank transfer (automatic),108.94,2939.67,No
CUST-2026-10028,Male,0,No,No,64,No,No internet service,No internet service,Month-to-month,Yes,Mailed check,24.02,1533.87,No
CUST-2026-10029,Male,0,No,No,44,Fiber optic,No,No,One year,Yes,Credit card (automatic),85.13,3747.74,No
CUST-2026-10030,Female,0,No,No,28,DSL,No,No,Month-to-month,No,Electronic check,65.62,1838.8,No
CUST-2026-10031,Female,0,No,No,30,DSL,No,Yes,Month-to-month,No,Electronic check,42.11,1260.92,Yes
CUST-2026-10032,Female,0,No,No,62,DSL,Yes,No,Month-to-month,Yes,Mailed check,45.85,2851.92,No
CUST-2026-10033,Female,1,Yes,No,29,Fiber optic,No,Yes,One year,Yes,Mailed check,102.42,2974.5,No
CUST-2026-10034,Male,0,Yes,Yes,2,Fiber optic,Yes,Yes,One year,Yes,Electronic check,105.4,210.04,No
CUST-2026-10035,Male,0,No,No,71,DSL,Yes,No,One year,No,Bank transfer (automatic),48.43,3437.84,Yes
CUST-2026-10036,Female,0,No,No,19,Fiber optic,Yes,No,Month-to-month,Yes,Bank transfer (automatic),114.22,2185.1,No
CUST-2026-10037,Female,0,No,No,66,Fiber optic,No,No,Month-to-month,Yes,Credit card (automatic),98.33,6498.53,Yes
CUST-2026-10038,Male,0,Yes,No,4,Fiber optic,Yes,No,Month-to-month,No,Electronic check,97.42,395.05,No
CUST-2026-10039,Male,0,Yes,No,5,No,No internet service,No internet service,Month-to-month,No,Bank transfer (automatic),24.86,117.6,Yes
CUST-2026-10040,Male,1,Yes,No,57,Fiber optic,No,No,Two year,Yes,Mailed check,88.06,5008.92,No
CUST-2026-10041,Female,0,Yes,No,38,DSL,No,No,Two year,Yes,Bank transfer (automatic),41.28,1594.1,No
CUST-2026-10042,Male,0,No,No,3,DSL,No,No,Month-to-month,Yes,Electronic check,62.23,192.24,Yes
CUST-2026-10043,Male,0,Yes,No,64,No,No internet service,No internet service,One year,No,Bank transfer (automatic),19.25,1227.37,No
CUST-2026-10044,Male,0,No,No,54,No,No internet service,No internet service,Month-to-month,No,Bank transfer (automatic),19.25,1041.11,No
CUST-2026-10045,Male,0,Yes,No,18,DSL,No,No,Two year,No,Electronic check,49.8,894.23,No
CUST-2026-10046,Male,0,Yes,No,56,No,No internet service,No internet service,Month-to-month,No,Electronic check,22.27,1241.45,No
CUST-2026-10047,Female,0,Yes,No,15,No,No internet service,No internet service,Two year,No,Mailed check,22.44,331.09,No
CUST-2026-10048,Female,0,No,No,44,DSL,Yes,Yes,Month-to-month,No,Electronic check,63.26,2756.41,Yes
CUST-2026-10049,Female,0,No,Yes,58,Fiber optic,No,No,Month-to-month,Yes,Bank transfer (automatic),83.67,4840.49,Yes
CUST-2026-10050,Male,0,No,No,35,DSL,No,No,Two year,No,Electronic check,42.25,1478.31,Yes
CUST-2026-10051,Male,1,No,No,56,Fiber optic,No,Yes,Month-to-month,Yes,Credit card (automatic),88.38,4949.23,Yes
CUST-2026-10052,Female,0,No,Yes,65,DSL,No,No,Month-to-month,No,Electronic check,67.89,4411.21,No
CUST-2026-10053,Male,1,No,No,35,Fiber optic,No,No,One year,Yes,Credit card (automatic),107.07,3733.7,Yes
CUST-2026-10054,Male,0,Yes,No,58,Fiber optic,Yes,Yes,One year,No,Electronic check,84.71,4906.25,Yes
CUST-2026-10055,Male,1,No,No,6,No,No internet service,No internet service,Month-to-month,Yes,Bank transfer (automatic),23.89,138.5,Yes
CUST-2026-10056,Female,0,No,Yes,11,No,No internet service,No internet service,Two year,Yes,Mailed check,24.44,265.06,No
CUST-2026-10057,Female,1,No,No,34,Fiber optic,No,Yes,Two year,No,Electronic check,107.79,3659.3,No
CUST-2026-10058,Male,1,No,Yes,71,DSL,Yes,No,Month-to-month,Yes,Electronic check,55.7,3942.67,Yes
CUST-2026-10059,Male,1,No,No,16,DSL,No,No,Month-to-month,Yes,Bank transfer (automatic),43.74,687.35,Yes
CUST-2026-10060,Female,0,Yes,No,15,No,No internet service,No internet service,One year,Yes,Mailed check,18.13,276.48,No
CUST-2026-10061,Female,0,Yes,Yes,54,DSL,Yes,Yes,Month-to-month,Yes,Electronic check,41.95,2277.44,No
CUST-2026-10062,Female,0,No,No,53,Fiber optic,Yes,Yes,Month-to-month,No,Electronic check,116.87,6180.93,No
CUST-2026-10063,Female,1,No,No,51,No,No internet service,No internet service,Month-to-month,No,Mailed check,18.24,925.45,Yes
CUST-2026-10064,Male,0,Yes,No,16,DSL,No,No,One year,Yes,Electronic check,72.37,1161.9,Yes
CUST-2026-10065,Female,0,Yes,No,26,Fiber optic,No,Yes,One year,Yes,Electronic check,78.22,2029.51,No
CUST-2026-10066,Female,0,No,No,12,DSL,No,No,Two year,Yes,Credit card (automatic),65.48,778.18,No
CUST-2026-10067,Male,0,No,Yes,68,No,No internet service,No internet service,Month-to-month,Yes,Electronic check,19.57,1320.7,Yes
CUST-2026-10068,Female,0,No,No,26,DSL,Yes,No,Month-to-month,Yes,Bank transfer (automatic),43.61,1140.19,Yes
CUST-2026-10069,Male,0,Yes,Yes,13,Fiber optic,No,No,Two year,Yes,Electronic check,77.56,991.53,Yes
CUST-2026-10070,Male,0,Yes,No,54,DSL,Yes,No,Month-to-month,No,Electronic check,71.83,3871.05,No
CUST-2026-10071,Female,0,No,No,10,Fiber optic,Yes,No,Month-to-month,No,Electronic check,100.0,998.8,Yes
CUST-2026-10072,Male,0,No,No,56,Fiber optic,No,Yes,Month-to-month,Yes,Electronic check,111.99,6279.24,Yes
CUST-2026-10073,Female,0,Yes,No,59,Fiber optic,No,No,Two year,No,Electronic check,105.64,6233.2,No
CUST-2026-10074,Male,0,No,No,49,DSL,No,Yes,One year,Yes,Electronic check,62.11,3047.96,No
CUST-2026-10075,Male,1,Yes,Yes,7,Fiber optic,Yes,Yes,Month-to-month,No,Mailed check,105.74,744.45,Yes
CUST-2026-10076,Female,0,Yes,No,54,DSL,Yes,Yes,Two year,Yes,Electronic check,68.07,3669.02,No
CUST-2026-10077,Male,0,Yes,No,20,DSL,Yes,Yes,Month-to-month,Yes,Credit card (automatic),68.09,1376.96,No
CUST-2026-10078,Male,0,Yes,No,27,No,No internet service,No internet service,Month-to-month,Yes,Mailed check,22.85,607.42,No
CUST-2026-10079,Female,1,No,No,69,Fiber optic,No,No,Month-to-month,No,Bank transfer (automatic),90.39,6234.39,Yes
CUST-2026-10080,Female,0,No,No,4,Fiber optic,No,No,Two year,Yes,Electronic check,116.51,462.52,Yes
CUST-2026-10081,Male,0,Yes,No,27,DSL,No,No,One year,Yes,Credit card (automatic),53.26,1435.56,No
CUST-2026-10082,Female,0,Yes,Yes,9,DSL,Yes,Yes,Month-to-month,Yes,Electronic check,67.39,602.94,Yes
CUST-2026-10083,Female,1,No,No,19,DSL,Yes,No,Month-to-month,Yes,Bank transfer (automatic),55.78,1063.12,Yes
CUST-2026-10084,Female,0,No,No,56,Fiber optic,No,No,Two year,Yes,Bank transfer (automatic),73.05,4098.27,No
CUST-2026-10085,Male,0,No,Yes,40,Fiber optic,No,No,One year,Yes,Credit card (automatic),76.21,3061.19,Yes
CUST-2026-10086,Male,0,Yes,No,10,DSL,No,No,Two year,No,Credit card (automatic),68.62,703.78,No
CUST-2026-10087,Male,0,Yes,No,64,Fiber optic,Yes,Yes,One year,No,Bank transfer (automatic),76.76,4917.46,No
CUST-2026-10088,Female,0,Yes,No,8,Fiber optic,Yes,No,Month-to-month,No,Bank transfer (automatic),92.74,751.39,No
CUST-2026-10089,Female,0,Yes,Yes,34,Fiber optic,No,Yes,Month-to-month,No,Credit card (automatic),94.11,3189.5,Yes
CUST-2026-10090,Male,0,No,No,10,Fiber optic,Yes,No,One year,No,Mailed check,84.02,846.52,No
CUST-2026-10091,Female,0,No,Yes,2,Fiber optic,No,No,Month-to-month,No,Mailed check,91.22,197.68,Yes
CUST-2026-10092,Female,0,Yes,Yes,4,DSL,Yes,No,One year,No,Electronic check,47.77,189.78,No
CUST-2026-10093,Female,0,Yes,Yes,31,Fiber optic,Yes,Yes,Month-to-month,No,Electronic check,102.01,3168.98,Yes
CUST-2026-10094,Male,0,No,No,63,DSL,No,No,Month-to-month,No,Electronic check,50.73,3193.59,No
CUST-2026-10095,Female,0,Yes,No,27,Fiber optic,No,Yes,Two year,Yes,Bank transfer (automatic),109.17,2960.28,No
CUST-2026-10096,Female,0,Yes,No,5,DSL,No,No,Month-to-month,No,Electronic check,55.03,267.05,No
CUST-2026-10097,Female,0,Yes,No,32,Fiber optic,Yes,No,Month-to-month,Yes,Bank transfer (automatic),76.92,2463.82,Yes
CUST-2026-10098,Female,0,Yes,No,66,DSL,Yes,Yes,One year,No,Mailed check,69.52,4575.77,Yes
CUST-2026-10099,Female,0,Yes,Yes,13,Fiber optic,No,Yes,Two year,Yes,Mailed check,110.62,1439.04,No
CUST-2026-10100,Male,0,No,No,72,No,No internet service,No internet service,One year,Yes,Bank transfer (automatic),22.51,1621.05,No
CUST-2026-10101,Female,0,No,Yes,61,DSL,No,Yes,One year,No,Mailed check,74.67,4558.65,No
CUST-2026-10102,Male,0,No,No,68,No,No internet service,No internet service,Month-to-month,Yes,Mailed check,19.6,1338.86,Yes
CUST-2026-10103,Female,0,No,No,49,DSL,No,No,Month-to-month,No,Credit card (automatic),53.77,2627.5,No
CUST-2026-10104,Male,0,Yes,No,16,DSL,No,No,One year,No,Bank transfer (automatic),51.38,821.81,Yes
CUST-2026-10105,Male,0,No,No,32,Fiber optic,No,No,Month-to-month,Yes,Electronic check,106.54,3417.44,Yes
CUST-2026-10106,Female,0,Yes,Yes,14,DSL,No,No,Two year,No,Electronic check,64.13,889.8,No
CUST-2026-10107,Female,1,No,No,52,Fiber optic,No,No,Two year,Yes,Mailed check,98.19,5101.12,Yes
CUST-2026-10108,Female,1,Yes,No,58,No,No internet service,No internet service,Month-to-month,Yes,Electronic check,19.43,1127.02,No
CUST-2026-10109,Female,0,No,No,39,DSL,No,No,Month-to-month,Yes,Electronic check,72.19,2804.34,Yes
CUST-2026-10110,Male,0,No,No,31,Fiber optic,No,No,Month-to-month,Yes,Electronic check,116.43,3580.95,Yes
CUST-2026-10111,Female,0,Yes,No,26,Fiber optic,No,No,One year,Yes,Mailed check,100.28,2612.37,No
CUST-2026-10112,Female,1,No,No,11,Fiber optic,No,Yes,Month-to-month,Yes,Credit card (automatic),114.69,1262.36,Yes
CUST-2026-10113,Male,0,Yes,No,47,Fiber optic,Yes,No,Month-to-month,Yes,Credit card (automatic),110.07,5180.33,Yes
CUST-2026-10114,Female,0,No,Yes,16,Fiber optic,Yes,Yes,Month-to-month,No,Electronic check,80.84,1307.48,Yes
CUST-2026-10115,Female,0,Yes,No,38,Fiber optic,No,No,One year,No,Electronic check,98.33,3750.99,No
CUST-2026-10116,Male,0,No,No,18,Fiber optic,No,No,Month-to-month,Yes,Bank transfer (automatic),75.17,1348.52,Yes
CUST-2026-10117,Male,1,Yes,No,1,Fiber optic,No,Yes,One year,Yes,Electronic check,102.53,106.23,No
CUST-2026-10118,Male,1,No,No,40,Fiber optic,No,Yes,Month-to-month,No,Bank transfer (automatic),103.47,4140.06,No
CUST-2026-10119,Female,1,No,Yes,45,DSL,Yes,No,Month-to-month,Yes,Bank transfer (automatic),61.34,2761.21,No
CUST-2026-10120,Female,0,Yes,No,42,No,No internet service,No internet service,Month-to-month,No,Bank transfer (automatic),23.03,982.68,Yes
CUST-2026-10121,Female,0,Yes,No,10,Fiber optic,Yes,No,Month-to-month,No,Mailed check,117.16,1156.65,Yes
CUST-2026-10122,Female,0,Yes,Yes,20,Fiber optic,No,Yes,Month-to-month,Yes,Electronic check,80.76,1619.09,Yes
CUST-2026-10123,Male,0,Yes,Yes,28,DSL,No,No,Month-to-month,No,Bank transfer (automatic),59.48,1651.56,No
CUST-2026-10124,Female,0,Yes,Yes,39,DSL,No,No,Two year,Yes,Mailed check,61.36,2391.48,No
CUST-2026-10125,Female,1,Yes,Yes,55,Fiber optic,Yes,No,Month-to-month,No,Credit card (automatic),109.07,5995.36,Yes
CUST-2026-10126,Female,1,Yes,Yes,61,Fiber optic,No,No,Two year,No,Mailed check,75.61,4622.51,No
CUST-2026-10127,Male,0,No,No,70,No,No internet service,No internet service,Month-to-month,Yes,Bank transfer (automatic),24.91,1723.44,No
CUST-2026-10128,Male,1,Yes,Yes,51,Fiber optic,No,No,Month-to-month,No,Electronic check,115.96,5916.44,Yes
CUST-2026-10129,Male,0,No,Yes,29,No,No internet service,No internet service,Month-to-month,Yes,Mailed check,24.76,720.87,Yes
CUST-2026-10130,Female,1,No,No,60,DSL,Yes,Yes,Month-to-month,Yes,Bank transfer (automatic),72.49,4344.07,No
CUST-2026-10131,Male,0,Yes,No,60,DSL,No,No,Two year,No,Credit card (automatic),71.14,4273.79,Yes
CUST-2026-10132,Male,0,Yes,No,66,Fiber optic,Yes,No,Month-to-month,No,Mailed check,85.56,5631.07,Yes
CUST-2026-10133,Female,0,Yes,No,66,Fiber optic,No,No,Month-to-month,Yes,Credit card (automatic),82.21,5427.48,Yes
CUST-2026-10134,Female,0,No,No,29,No,No internet service,No internet service,Month-to-month,Yes,Mailed check,19.51,554.68,Yes
CUST-2026-10135,Female,0,No,No,19,DSL,No,Yes,Month-to-month,Yes,Mailed check,73.66,1423.11,Yes
CUST-2026-10136,Male,1,No,No,19,No,No internet service,No internet service,Month-to-month,Yes,Credit card (automatic),22.17,425.48,Yes
CUST-2026-10137,Female,0,No,Yes,4,DSL,No,Yes,Month-to-month,No,Mailed check,56.24,222.07,No
CUST-2026-10138,Male,0,Yes,No,15,No,No internet service,No internet service,Month-to-month,No,Bank transfer (automatic),21.7,312.64,No
CUST-2026-10139,Male,0,Yes,Yes,27,Fiber optic,No,No,One year,Yes,Credit card (automatic),98.69,2662.13,Yes
CUST-2026-10140,Male,0,No,Yes,7,Fiber optic,Yes,No,Month-to-month,Yes,Credit card (automatic),103.65,727.84,Yes
CUST-2026-10141,Female,0,Yes,No,24,DSL,No,No,Month-to-month,No,Bank transfer (automatic),60.14,1434.89,Yes
CUST-2026-10142,Male,0,Yes,Yes,65,Fiber optic,No,No,One year,No,Mailed check,70.55,4581.89,Yes
CUST-2026-10143,Male,0,Yes,No,21,No,No internet service,No internet service,One year,No,Credit card (automatic),24.45,493.64,No
CUST-2026-10144,Male,0,No,No,37,DSL,Yes,No,Two year,Yes,Credit card (automatic),65.53,2426.29,No
CUST-2026-10145,Female,0,No,Yes,21,DSL,Yes,No,Two year,Yes,Credit card (automatic),48.28,1020.7,No
CUST-2026-10146,Male,0,Yes,Yes,43,No,No internet service,No internet service,Two year,Yes,Bank transfer (automatic),21.32,897.29,No
CUST-2026-10147,Female,0,No,Yes,37,Fiber optic,Yes,No,One year,Yes,Mailed check,74.52,2756.81,Yes
CUST-2026-10148,Female,0,Yes,Yes,34,DSL,No,Yes,Month-to-month,Yes,Electronic check,59.05,1996.67,Yes
CUST-2026-10149,Female,0,No,Yes,28,Fiber optic,No,No,Month-to-month,No,Electronic check,70.3,1963.4,No
CUST-2026-10150,Female,0,Yes,No,10,No,No internet service,No internet service,Month-to-month,Yes,Electronic check,20.93,215.65,No
CUST-2026-10151,Female,1,No,Yes,62,Fiber optic,No,No,Month-to-month,Yes,Credit card (automatic),97.82,6055.23,Yes
CUST-2026-10152,Male,0,No,No,69,Fiber optic,No,Yes,One year,No,Electronic check,71.97,4962.87,Yes
CUST-2026-10153,Female,0,Yes,No,7,Fiber optic,Yes,No,Month-to-month,Yes,Credit card (automatic),115.78,805.78,Yes
CUST-2026-10154,Male,0,Yes,No,4,Fiber optic,No,Yes,One year,Yes,Bank transfer (automatic),101.22,404.62,Yes
CUST-2026-10155,Female,0,Yes,No,69,DSL,Yes,No,One year,Yes,Electronic check,64.81,4485.76,No
CUST-2026-10156,Female,1,Yes,No,12,Fiber optic,Yes,Yes,Month-to-month,No,Electronic check,100.02,1198.91,Yes
CUST-2026-10157,Female,0,Yes,No,37,DSL,Yes,No,Month-to-month,No,Electronic check,66.85,2466.9,Yes
CUST-2026-10158,Female,0,No,No,6,DSL,Yes,No,Month-to-month,No,Electronic check,56.69,333.11,No
CUST-2026-10159,Female,0,Yes,No,30,Fiber optic,No,No,One year,No,Electronic check,93.07,2781.11,Yes
CUST-2026-10160,Male,0,No,Yes,40,No,No internet service,No internet service,Month-to-month,Yes,Electronic check,22.25,892.04,Yes
CUST-2026-10161,Male,0,Yes,No,19,Fiber optic,No,No,One year,Yes,Credit card (automatic),75.89,1446.06,Yes
CUST-2026-10162,Male,0,No,No,1,No,No internet service,No internet service,One year,Yes,Electronic check,19.1,18.0,Yes
CUST-2026-10163,Male,1,No,No,54,Fiber optic,No,No,Two year,No,Electronic check,96.47,5226.36,Yes
CUST-2026-10164,Female,0,No,Yes,31,Fiber optic,No,No,Month-to-month,No,Bank transfer (automatic),79.36,2449.78,No
CUST-2026-10165,Female,0,No,No,36,Fiber optic,Yes,Yes,Two year,No,Mailed check,110.27,3967.65,Yes
CUST-2026-10166,Male,0,Yes,No,8,Fiber optic,Yes,Yes,Two year,No,Credit card (automatic),79.35,642.76,Yes
CUST-2026-10167,Female,0,Yes,No,63,Fiber optic,Yes,No,Month-to-month,Yes,Electronic check,81.24,5117.92,Yes
CUST-2026-10168,Male,0,No,No,32,Fiber optic,Yes,No,Two year,No,Credit card (automatic),111.3,3556.11,Yes
CUST-2026-10169,Female,0,No,No,53,Fiber optic,No,No,Month-to-month,Yes,Bank transfer (automatic),81.22,4286.01,Yes
CUST-2026-10170,Female,0,No,No,68,Fiber optic,No,Yes,One year,Yes,Electronic check,111.1,7556.86,Yes
CUST-2026-10171,Male,0,Yes,No,67,DSL,No,No,Month-to-month,No,Electronic check,71.38,4788.43,Yes
CUST-2026-10172,Female,1,No,No,63,No,No internet service,No internet service,Two year,No,Credit card (automatic),22.98,1448.48,No
CUST-2026-10173,Female,1,Yes,Yes,71,Fiber optic,No,No,Month-to-month,Yes,Bank transfer (automatic),108.65,7716.25,Yes
CUST-2026-10174,Male,0,No,No,37,Fiber optic,No,Yes,Two year,Yes,Bank transfer (automatic),106.22,3905.35,No
CUST-2026-10175,Male,0,Yes,Yes,52,DSL,No,Yes,Month-to-month,Yes,Credit card (automatic),50.57,2638.52,No
CUST-2026-10176,Female,1,No,No,69,DSL,No,No,Month-to-month,No,Electronic check,69.29,4776.01,No
CUST-2026-10177,Female,0,No,No,28,Fiber optic,Yes,No,Month-to-month,No,Credit card (automatic),115.14,3221.64,Yes
CUST-2026-10178,Female,1,No,No,32,Fiber optic,Yes,No,Month-to-month,Yes,Electronic check,75.68,2413.23,Yes
CUST-2026-10179,Female,0,No,No,23,Fiber optic,No,No,Month-to-month,No,Bank transfer (automatic),102.45,2364.89,Yes
CUST-2026-10180,Male,0,No,Yes,54,Fiber optic,No,No,Month-to-month,Yes,Mailed check,88.35,4771.26,No
CUST-2026-10181,Male,0,No,No,7,Fiber optic,Yes,Yes,Two year,No,Electronic check,85.82,591.79,Yes
CUST-2026-10182,Male,0,No,No,27,DSL,No,Yes,Month-to-month,Yes,Electronic check,69.16,1856.34,Yes
CUST-2026-10183,Male,0,No,Yes,1,Fiber optic,No,No,Month-to-month,No,Electronic check,92.48,97.83,Yes
CUST-2026-10184,Female,0,Yes,Yes,11,No,No internet service,No internet service,One year,Yes,Bank transfer (automatic),20.0,231.2,No
CUST-2026-10185,Female,0,Yes,Yes,16,Fiber optic,No,No,Two year,Yes,Electronic check,116.13,1857.2,No
CUST-2026-10186,Male,0,No,No,3,Fiber optic,No,No,Month-to-month,Yes,Credit card (automatic),115.76,354.0,Yes
CUST-2026-10187,Male,1,No,No,60,Fiber optic,Yes,Yes,Month-to-month,Yes,Credit card (automatic),115.57,6928.16,Yes
CUST-2026-10188,Male,0,Yes,No,11,Fiber optic,No,No,Month-to-month,No,Bank transfer (automatic),115.73,1282.88,No
CUST-2026-10189,Female,0,No,No,16,Fiber optic,No,Yes,One year,No,Electronic check,70.13,1111.13,Yes
CUST-2026-10190,Female,1,Yes,No,36,Fiber optic,Yes,No,One year,Yes,Bank transfer (automatic),80.75,2894.64,Yes
CUST-2026-10191,Female,1,Yes,No,53,Fiber optic,No,Yes,Month-to-month,No,Credit card (automatic),84.31,4472.61,No
CUST-2026-10192,Male,0,No,Yes,53,DSL,No,No,Month-to-month,Yes,Electronic check,46.09,2448.92,Yes
CUST-2026-10193,Male,0,No,No,5,DSL,No,No,Month-to-month,No,Credit card (automatic),66.47,323.47,Yes
CUST-2026-10194,Male,0,Yes,Yes,54,No,No internet service,No internet service,Two year,Yes,Mailed check,21.87,1182.21,No
CUST-2026-10195,Female,0,No,No,11,DSL,Yes,No,Month-to-month,Yes,Mailed check,44.14,483.93,No
CUST-2026-10196,Male,0,Yes,Yes,3,DSL,Yes,Yes,Month-to-month,Yes,Electronic check,58.6,180.02,Yes
CUST-2026-10197,Male,0,Yes,No,27,Fiber optic,No,No,Month-to-month,Yes,Electronic check,106.13,2849.66,Yes
CUST-2026-10198,Male,0,Yes,No,57,No,No internet service,No internet service,Month-to-month,No,Mailed check,24.48,1392.8,No
CUST-2026-10199,Male,0,Yes,No,60,DSL,No,No,Two year,Yes,Mailed check,55.67,3338.3,No
CUST-2026-10200,Male,0,Yes,Yes,47,Fiber optic,No,Yes,One year,No,Electronic check,98.34,4620.0,Yes
CUST-2026-10201,Male,0,No,No,43,Fiber optic,Yes,No,One year,No,Electronic check,103.68,4456.0,Yes
CUST-2026-10202,Female,0,Yes,No,61,Fiber optic,No,No,One year,No,Mailed check,95.76,5850.23,No
CUST-2026-10203,Male,0,Yes,No,8,Fiber optic,No,No,Month-to-month,Yes,Mailed check,73.42,591.32,No
CUST-2026-10204,Male,1,No,No,26,Fiber optic,No,Yes,Month-to-month,Yes,Bank transfer (automatic),95.82,2497.91,Yes
CUST-2026-10205,Male,0,Yes,No,20,DSL,No,Yes,One year,Yes,Electronic check,54.01,1083.42,Yes
CUST-2026-10206,Female,0,No,No,40,DSL,No,No,Month-to-month,Yes,Mailed check,60.52,2434.27,Yes
CUST-2026-10207,Female,0,Yes,Yes,8,Fiber optic,Yes,No,Month-to-month,No,Bank transfer (automatic),78.25,621.25,Yes
CUST-2026-10208,Male,0,Yes,Yes,48,DSL,No,No,Month-to-month,Yes,Electronic check,62.37,2990.01,Yes
CUST-2026-10209,Female,0,Yes,No,14,No,No internet service,No internet service,Two year,Yes,Bank transfer (automatic),21.04,306.21,No
CUST-2026-10210,Female,0,No,No,37,DSL,No,No,One year,No,Bank transfer (automatic),45.17,1680.5,Yes
CUST-2026-10211,Female,0,Yes,No,53,Fiber optic,Yes,No,Month-to-month,Yes,Bank transfer (automatic),98.19,5202.28,Yes
CUST-2026-10212,Female,0,No,Yes,59,Fiber optic,No,No,One year,No,Electronic check,97.71,5779.79,No
CUST-2026-10213,Female,0,No,No,63,Fiber optic,No,No,Two year,No,Credit card (automatic),94.18,5941.52,No
CUST-2026-10214,Male,1,Yes,Yes,51,Fiber optic,No,Yes,Month-to-month,Yes,Credit card (automatic),94.8,4832.74,Yes
CUST-2026-10215,Male,1,Yes,Yes,41,DSL,No,No,Month-to-month,Yes,Mailed check,49.17,2027.55,Yes
CUST-2026-10216,Male,0,No,No,5,DSL,No,No,One year,Yes,Mailed check,63.73,311.46,Yes
CUST-2026-10217,Male,0,No,No,27,No,No internet service,No internet service,One year,Yes,Electronic check,23.79,625.54,No
CUST-2026-10218,Male,0,No,No,71,Fiber optic,No,No,Month-to-month,No,Bank transfer (automatic),117.54,8355.59,Yes
CUST-2026-10219,Male,0,Yes,No,71,Fiber optic,No,No,Month-to-month,Yes,Electronic check,86.08,6120.74,Yes
CUST-2026-10220,Male,0,Yes,No,12,Fiber optic,Yes,No,Two year,No,Bank transfer (automatic),87.32,1052.0,No
CUST-2026-10221,Male,0,Yes,Yes,55,Fiber optic,Yes,No,Month-to-month,No,Mailed check,114.28,6271.32,No
CUST-2026-10222,Female,0,No,No,35,DSL,No,No,Month-to-month,No,Credit card (automatic),54.87,1915.51,Yes
CUST-2026-10223,Female,1,No,No,17,No,No internet service,No internet service,Month-to-month,No,Bank transfer (automatic),21.95,368.09,No
CUST-2026-10224,Female,0,No,No,66,Fiber optic,No,Yes,Month-to-month,Yes,Electronic check,100.69,6644.71,Yes
CUST-2026-10225,Male,0,No,No,8,DSL,No,No,Month-to-month,No,Bank transfer (automatic),44.64,352.45,Yes
CUST-2026-10226,Male,0,No,Yes,62,No,No internet service,No internet service,Month-to-month,Yes,Electronic check,19.31,1183.75,No
CUST-2026-10227,Male,0,No,No,9,No,No internet service,No internet service,Two year,No,Mailed check,24.54,225.24,No
CUST-2026-10228,Female,0,Yes,Yes,52,Fiber optic,No,No,Month-to-month,No,Electronic check,92.06,4777.37,Yes
CUST-2026-10229,Female,0,No,No,9,Fiber optic,No,Yes,Month-to-month,Yes,Mailed check,75.22,675.95,No
CUST-2026-10230,Female,0,No,Yes,63,No,No internet service,No internet service,One year,No,Mailed check,19.6,1221.24,No
CUST-2026-10231,Female,0,No,No,57,Fiber optic,Yes,Yes,Two year,No,Mailed check,117.8,6704.7,Yes
CUST-2026-10232,Male,0,No,Yes,55,Fiber optic,Yes,No,Month-to-month,Yes,Credit card (automatic),112.52,6195.51,Yes
CUST-2026-10233,Male,0,Yes,No,30,Fiber optic,No,No,One year,Yes,Electronic check,112.58,3363.45,Yes
CUST-2026-10234,Female,0,No,Yes,10,DSL,No,Yes,Month-to-month,No,Mailed check,61.81,605.86,Yes
CUST-2026-10235,Male,0,No,No,11,No,No internet service,No internet service,One year,Yes,Mailed check,19.63,232.13,No
CUST-2026-10236,Female,0,Yes,Yes,3,Fiber optic,No,No,One year,No,Credit card (automatic),89.41,267.52,Yes
CUST-2026-10237,Male,0,Yes,No,20,Fiber optic,Yes,No,One year,Yes,Bank transfer (automatic),79.57,1578.94,No
CUST-2026-10238,Male,0,Yes,No,51,DSL,No,Yes,Month-to-month,Yes,Bank transfer (automatic),43.22,2221.45,No
CUST-2026-10239,Female,0,Yes,No,47,DSL,No,No,Month-to-month,Yes,Credit card (automatic),58.96,2781.79,No
CUST-2026-10240,Female,0,Yes,Yes,39,No,No internet service,No internet service,Two year,No,Mailed check,18.21,694.45,No
CUST-2026-10241,Female,0,Yes,Yes,7,Fiber optic,Yes,No,Two year,No,Mailed check,84.32,587.38,No
CUST-2026-10242,Male,0,Yes,Yes,7,Fiber optic,Yes,No,One year,Yes,Bank transfer (automatic),110.73,782.19,No
CUST-2026-10243,Female,0,No,No,16,Fiber optic,No,No,Month-to-month,Yes,Electronic check,72.96,1172.59,Yes
CUST-2026-10244,Female,0,Yes,Yes,4,Fiber optic,No,No,Month-to-month,No,Electronic check,100.84,402.56,Yes
CUST-2026-10245,Female,0,Yes,Yes,6,DSL,No,Yes,One year,No,Credit card (automatic),48.57,301.71,No
CUST-2026-10246,Male,0,No,Yes,13,DSL,Yes,No,Two year,No,Mailed check,48.12,619.25,No
CUST-2026-10247,Male,0,Yes,No,41,DSL,No,Yes,Month-to-month,No,Bank transfer (automatic),43.0,1744.79,Yes
CUST-2026-10248,Female,0,Yes,Yes,20,Fiber optic,No,No,Month-to-month,Yes,Electronic check,102.03,2038.06,Yes
CUST-2026-10249,Male,0,Yes,Yes,68,No,No internet service,No internet service,Month-to-month,Yes,Electronic check,23.21,1571.81,Yes
CUST-2026-10250,Female,0,No,Yes,4,Fiber optic,No,Yes,Month-to-month,Yes,Bank transfer (automatic),81.0,316.62,No
CUST-2026-10251,Male,0,Yes,No,15,DSL,Yes,Yes,One year,No,Mailed check,53.61,810.21,Yes
CUST-2026-10252,Male,0,No,No,36,Fiber optic,Yes,Yes,One year,No,Electronic check,117.92,4260.71,No
CUST-2026-10253,Female,0,Yes,No,50,Fiber optic,No,Yes,Two year,No,Credit card (automatic),102.78,5132.66,No
CUST-2026-10254,Female,0,No,No,30,No,No internet service,No internet service,Two year,No,Electronic check,21.48,638.98,Yes
CUST-2026-10255,Female,0,Yes,No,17,Fiber optic,No,No,Month-to-month,No,Bank transfer (automatic),93.68,1594.45,Yes
CUST-2026-10256,Male,0,Yes,No,2,Fiber optic,No,Yes,Month-to-month,Yes,Electronic check,82.62,158.61,Yes
CUST-2026-10257,Male,0,Yes,No,43,Fiber optic,No,No,One year,Yes,Electronic check,107.22,4596.06,Yes
CUST-2026-10258,Female,0,No,Yes,3,DSL,No,No,One year,No,Electronic check,41.98,128.01,No
CUST-2026-10259,Male,1,Yes,Yes,55,DSL,Yes,Yes,One year,Yes,Mailed check,69.4,3819.14,No
CUST-2026-10260,Female,0,No,No,49,Fiber optic,No,No,Month-to-month,Yes,Mailed check,96.73,4723.99,No
CUST-2026-10261,Female,0,Yes,No,20,Fiber optic,No,No,Month-to-month,Yes,Electronic check,86.34,1707.67,Yes
CUST-2026-10262,Female,0,No,No,57,No,No internet service,No internet service,Two year,No,Electronic check,24.52,1394.04,No
CUST-2026-10263,Male,0,Yes,No,17,No,No internet service,No internet service,Month-to-month,Yes,Electronic check,21.77,375.15,No
CUST-2026-10264,Female,0,No,No,58,No,No internet service,No internet service,Month-to-month,Yes,Credit card (automatic),18.09,1062.89,Yes
CUST-2026-10265,Male,0,No,No,69,Fiber optic,No,Yes,Two year,No,Electronic check,71.6,4926.56,No
CUST-2026-10266,Male,0,No,No,25,No,No internet service,No internet service,Month-to-month,No,Mailed check,19.5,496.94,No
CUST-2026-10267,Male,0,No,No,55,DSL,No,Yes,Month-to-month,No,Bank transfer (automatic),54.5,2993.84,Yes
CUST-2026-10268,Female,1,No,No,56,Fiber optic,No,Yes,Two year,No,Electronic check,78.96,4407.98,Yes
CUST-2026-10269,Male,0,No,Yes,54,Fiber optic,No,Yes,Month-to-month,No,Bank transfer (automatic),116.81,6310.1,Yes
CUST-2026-10270,Male,1,Yes,No,14,DSL,Yes,No,Month-to-month,Yes,Electronic check,58.21,807.98,Yes
CUST-2026-10271,Female,0,No,Yes,4,Fiber optic,Yes,No,One year,Yes,Credit card (automatic),84.71,343.24,No
CUST-2026-10272,Female,0,Yes,No,47,Fiber optic,No,No,Month-to-month,Yes,Credit card (automatic),113.43,5349.83,Yes
CUST-2026-10273,Male,0,No,Yes,31,Fiber optic,Yes,No,Month-to-month,Yes,Credit card (automatic),82.37,2563.78,Yes
CUST-2026-10274,Female,0,Yes,Yes,55,No,No internet service,No internet service,Month-to-month,Yes,Mailed check,22.84,1262.4,No
CUST-2026-10275,Male,1,Yes,No,46,No,No internet service,No internet service,Two year,Yes,Electronic check,22.06,1003.93,No
CUST-2026-10276,Female,0,No,No,9,DSL,No,Yes,One year,No,Mailed check,56.14,509.4,No
CUST-2026-10277,Male,0,No,No,17,Fiber optic,No,Yes,Month-to-month,Yes,Electronic check,70.8,1204.59,Yes
CUST-2026-10278,Female,0,Yes,Yes,13,Fiber optic,Yes,No,One year,No,Bank transfer (automatic),97.14,1239.13,Yes
CUST-2026-10279,Male,0,No,Yes,67,Fiber optic,No,Yes,Month-to-month,Yes,Electronic check,100.51,6743.63,No
CUST-2026-10280,Female,0,Yes,No,57,No,No internet service,No internet service,Month-to-month,Yes,Credit card (automatic),22.52,1288.4,No
CUST-2026-10281,Male,0,Yes,No,39,Fiber optic,No,No,Month-to-month,Yes,Credit card (automatic),80.43,3158.2,Yes
CUST-2026-10282,Male,0,No,No,32,Fiber optic,No,No,Month-to-month,No,Mailed check,91.88,2947.15,Yes
CUST-2026-10283,Female,0,Yes,No,72,DSL,Yes,No,Month-to-month,Yes,Electronic check,52.89,3801.38,Yes
CUST-2026-10284,Male,0,Yes,No,53,DSL,Yes,No,One year,Yes,Credit card (automatic),65.94,3483.06,Yes
CUST-2026-10285,Female,1,No,Yes,32,No,No internet service,No internet service,Two year,Yes,Electronic check,22.86,751.24,No
CUST-2026-10286,Male,0,No,Yes,51,Fiber optic,No,Yes,One year,Yes,Mailed check,99.49,5078.86,No
CUST-2026-10287,Male,0,Yes,No,25,DSL,No,Yes,Month-to-month,Yes,Mailed check,62.35,1580.82,No
CUST-2026-10288,Male,0,No,No,41,Fiber optic,No,Yes,One year,No,Bank transfer (automatic),77.46,3183.37,No
CUST-2026-10289,Female,1,Yes,Yes,47,DSL,No,No,Month-to-month,Yes,Credit card (automatic),69.94,3280.73,No
CUST-2026-10290,Male,0,Yes,No,28,No,No internet service,No internet service,Two year,Yes,Electronic check,24.61,683.36,Yes
CUST-2026-10291,Male,0,Yes,Yes,10,DSL,Yes,No,Month-to-month,No,Bank transfer (automatic),66.71,665.26,Yes
CUST-2026-10292,Female,0,Yes,No,34,DSL,Yes,Yes,One year,Yes,Bank transfer (automatic),49.9,1687.76,No
CUST-2026-10293,Female,0,No,No,29,No,No internet service,No internet service,Two year,Yes,Bank transfer (automatic),21.49,618.03,No
CUST-2026-10294,Female,0,No,Yes,16,Fiber optic,Yes,No,Month-to-month,Yes,Mailed check,86.12,1362.16,No
CUST-2026-10295,Male,0,No,No,31,DSL,No,No,Two year,No,Mailed check,54.49,1684.48,No
CUST-2026-10296,Female,0,Yes,Yes,24,Fiber optic,No,No,Month-to-month,No,Bank transfer (automatic),117.38,2830.7,Yes
CUST-2026-10297,Male,0,No,Yes,11,Fiber optic,No,Yes,Month-to-month,Yes,Mailed check,77.54,852.97,Yes
CUST-2026-10298,Female,0,No,No,4,No,No internet service,No internet service,One year,No,Credit card (automatic),23.69,116.12,No
CUST-2026-10299,Female,0,Yes,No,54,No,No internet service,No internet service,One year,Yes,Electronic check,23.2,1254.81,Yes
CUST-2026-10300,Male,1,Yes,Yes,21,Fiber optic,Yes,No,Month-to-month,Yes,Mailed check,87.79,1829.4,Yes
CUST-2026-10301,Female,0,Yes,No,69,Fiber optic,No,Yes,Month-to-month,Yes,Mailed check,106.57,7343.57,Yes
CUST-2026-10302,Female,0,Yes,No,24,DSL,No,No,Month-to-month,Yes,Mailed check,75.0,1809.58,No
CUST-2026-10303,Female,1,Yes,No,25,DSL,Yes,No,Month-to-month,No,Electronic check,72.85,1816.62,Yes
CUST-2026-10304,Female,0,No,Yes,66,DSL,No,Yes,Month-to-month,No,Electronic check,54.33,3571.86,No
CUST-2026-10305,Male,0,Yes,No,1,Fiber optic,No,No,Month-to-month,Yes,Mailed check,88.34,81.93,Yes
CUST-2026-10306,Female,0,No,No,37,DSL,No,No,One year,Yes,Electronic check,66.05,2440.9,Yes
CUST-2026-10307,Female,0,No,Yes,19,Fiber optic,No,No,One year,Yes,Credit card (automatic),71.52,1358.2,Yes
CUST-2026-10308,Female,0,Yes,No,41,Fiber optic,No,Yes,Two year,No,Bank transfer (automatic),113.0,4622.82,Yes
CUST-2026-10309,Female,0,Yes,No,51,DSL,No,No,One year,Yes,Electronic check,57.93,2955.54,No
CUST-2026-10310,Male,0,No,No,13,DSL,Yes,No,Two year,Yes,Credit card (automatic),48.69,629.27,No
CUST-2026-10311,Female,0,No,Yes,58,DSL,No,Yes,Month-to-month,No,Bank transfer (automatic),46.74,2709.41,No
CUST-2026-10312,Female,0,Yes,No,53,Fiber optic,No,No,One year,No,Electronic check,92.22,4896.34,No
CUST-2026-10313,Male,0,Yes,Yes,10,Fiber optic,No,No,Month-to-month,No,Bank transfer (automatic),77.93,768.84,No
CUST-2026-10314,Female,0,No,No,19,Fiber optic,No,No,One year,Yes,Electronic check,115.7,2191.82,Yes
CUST-2026-10315,Male,0,No,Yes,28,DSL,No,Yes,Month-to-month,Yes,Credit card (automatic),50.9,1420.56,Yes
CUST-2026-10316,Male,0,No,No,17,No,No internet service,No internet service,Two year,Yes,Electronic check,23.73,410.29,No
CUST-2026-10317,Female,0,No,No,26,DSL,No,No,One year,Yes,Bank transfer (automatic),58.28,1512.68,No
CUST-2026-10318,Male,0,Yes,No,13,Fiber optic,No,Yes,Month-to-month,Yes,Electronic check,117.76,1539.95,Yes
CUST-2026-10319,Male,0,No,No,35,No,No internet service,No internet service,Month-to-month,Yes,Mailed check,19.19,666.01,No
CUST-2026-10320,Female,0,Yes,Yes,38,Fiber optic,Yes,Yes,Month-to-month,Yes,Mailed check,116.77,4446.0,Yes
CUST-2026-10321,Female,0,Yes,No,61,Fiber optic,No,No,Month-to-month,Yes,Credit card (automatic),95.22,5803.02,Yes
CUST-2026-10322,Male,1,Yes,Yes,65,DSL,Yes,Yes,Month-to-month,Yes,Credit card (automatic),40.03,2617.95,Yes
CUST-2026-10323,Male,0,No,No,21,Fiber optic,No,Yes,One year,No,Credit card (automatic),112.06,2351.69,Yes
CUST-2026-10324,Male,0,Yes,No,36,DSL,Yes,Yes,Month-to-month,Yes,Mailed check,46.72,1688.22,No
CUST-2026-10325,Female,0,No,Yes,29,DSL,No,No,One year,Yes,Mailed check,61.87,1797.82,No
CUST-2026-10326,Male,0,No,Yes,8,DSL,Yes,No,Month-to-month,No,Credit card (automatic),41.51,320.45,Yes
CUST-2026-10327,Female,0,No,No,31,DSL,No,No,Month-to-month,Yes,Electronic check,61.62,1910.44,No
CUST-2026-10328,Female,0,No,Yes,56,Fiber optic,No,No,Month-to-month,Yes,Electronic check,106.8,5972.75,Yes
CUST-2026-10329,Female,0,Yes,No,44,Fiber optic,No,No,Month-to-month,Yes,Credit card (automatic),77.17,3397.12,No
CUST-2026-10330,Male,0,Yes,Yes,42,No,No internet service,No internet service,Month-to-month,Yes,Credit card (automatic),23.92,1023.91,No
CUST-2026-10331,Female,0,No,No,3,Fiber optic,No,Yes,Month-to-month,Yes,Electronic check,104.18,323.33,Yes
CUST-2026-10332,Female,0,Yes,No,40,Fiber optic,Yes,Yes,One year,No,Bank transfer (automatic),90.8,3638.64,No
CUST-2026-10333,Female,0,Yes,No,31,No,No internet service,No internet service,One year,Yes,Bank transfer (automatic),21.44,649.74,Yes
CUST-2026-10334,Female,0,Yes,No,35,Fiber optic,No,No,One year,Yes,Bank transfer (automatic),101.19,3564.04,Yes
CUST-2026-10335,Male,0,No,No,29,DSL,No,No,Month-to-month,Yes,Bank transfer (automatic),64.3,1854.19,Yes
CUST-2026-10336,Female,0,Yes,Yes,9,No,No internet service,No internet service,Month-to-month,Yes,Mailed check,19.3,151.31,No
CUST-2026-10337,Male,0,No,No,1,No,No internet service,No internet service,Two year,No,Credit card (automatic),22.84,21.57,No
CUST-2026-10338,Female,0,Yes,No,24,Fiber optic,Yes,No,Two year,Yes,Bank transfer (automatic),90.97,2183.84,Yes
CUST-2026-10339,Male,0,Yes,Yes,8,No,No internet service,No internet service,Two year,Yes,Credit card (automatic),21.46,167.02,Yes
CUST-2026-10340,Male,1,Yes,No,32,Fiber optic,No,No,One year,Yes,Mailed check,73.73,2361.16,Yes
CUST-2026-10341,Male,0,No,No,61,DSL,No,Yes,Month-to-month,Yes,Electronic check,54.46,3309.0,No
CUST-2026-10342,Female,0,No,No,38,Fiber optic,Yes,No,Month-to-month,Yes,Mailed check,89.6,3410.14,Yes
CUST-2026-10343,Female,0,No,No,52,Fiber optic,No,No,Month-to-month,Yes,Bank transfer (automatic),96.96,5024.94,Yes
CUST-2026-10344,Female,0,Yes,No,26,Fiber optic,Yes,Yes,Two year,No,Credit card (automatic),73.24,1909.74,Yes
CUST-2026-10345,Female,0,Yes,No,27,DSL,No,No,Month-to-month,No,Electronic check,55.88,1498.87,No
CUST-2026-10346,Male,0,Yes,No,22,Fiber optic,Yes,No,One year,No,Electronic check,85.54,1869.23,Yes
CUST-2026-10347,Male,0,Yes,Yes,18,Fiber optic,No,No,Month-to-month,No,Credit card (automatic),98.2,1773.73,Yes
CUST-2026-10348,Male,1,Yes,No,21,Fiber optic,No,No,Two year,No,Mailed check,115.23,2425.03,No
CUST-2026-10349,Female,0,No,No,2,DSL,No,No,Month-to-month,Yes,Credit card (automatic),63.13,120.69,Yes
CUST-2026-10350,Male,1,No,No,43,DSL,No,No,One year,No,Electronic check,63.85,2747.09,Yes
CUST-2026-10351,Male,1,Yes,No,11,Fiber optic,No,No,Month-to-month,Yes,Mailed check,115.85,1292.11,Yes
CUST-2026-10352,Male,0,Yes,No,17,No,No internet service,No internet service,Month-to-month,Yes,Bank transfer (automatic),22.8,388.7,Yes
CUST-2026-10353,Male,0,No,No,19,No,No internet service,No internet service,Month-to-month,No,Bank transfer (automatic),21.61,414.35,No
CUST-2026-10354,Male,0,Yes,No,51,Fiber optic,No,No,Month-to-month,No,Electronic check,108.13,5504.1,Yes
CUST-2026-10355,Female,0,No,Yes,8,No,No internet service,No internet service,One year,No,Electronic check,22.93,186.46,Yes
CUST-2026-10356,Female,0,Yes,No,44,Fiber optic,No,Yes,Two year,Yes,Electronic check,77.42,3394.23,No
CUST-2026-10357,Male,0,Yes,No,46,No,No internet service,No internet service,Month-to-month,No,Electronic check,23.95,1115.12,No
CUST-2026-10358,Female,0,No,Yes,63,Fiber optic,No,No,Month-to-month,Yes,Electronic check,79.0,4955.51,Yes
CUST-2026-10359,Male,0,Yes,No,32,Fiber optic,No,No,One year,Yes,Electronic check,110.53,3545.64,Yes
CUST-2026-10360,Female,0,No,Yes,40,DSL,No,No,One year,Yes,Electronic check,69.15,2767.62,Yes
CUST-2026-10361,Male,0,Yes,No,62,Fiber optic,No,No,Month-to-month,No,Electronic check,84.15,5222.89,Yes
CUST-2026-10362,Male,0,No,No,16,No,No internet service,No internet service,One year,No,Electronic check,20.11,303.98,Yes
CUST-2026-10363,Male,0,Yes,Yes,39,DSL,Yes,Yes,Month-to-month,Yes,Bank transfer (automatic),72.48,2823.02,No
CUST-2026-10364,Male,1,Yes,No,31,DSL,Yes,Yes,One year,Yes,Bank transfer (automatic),58.15,1802.18,No
CUST-2026-10365,Male,0,Yes,No,22,Fiber optic,Yes,No,Two year,Yes,Electronic check,80.23,1753.76,Yes
CUST-2026-10366,Male,0,Yes,No,47,Fiber optic,Yes,No,Month-to-month,No,Credit card (automatic),110.86,5215.75,Yes
CUST-2026-10367,Male,1,No,Yes,72,No,No internet service,No internet service,Month-to-month,Yes,Credit card (automatic),23.1,1668.09,Yes
CUST-2026-10368,Male,0,No,Yes,41,Fiber optic,No,No,Month-to-month,Yes,Mailed check,108.28,4422.31,Yes
CUST-2026-10369,Male,1,No,Yes,62,Fiber optic,Yes,No,Month-to-month,Yes,Electronic check,70.35,4371.99,No
CUST-2026-10370,Female,1,No,No,64,Fiber optic,Yes,Yes,Month-to-month,Yes,Credit card (automatic),85.63,5473.92,Yes
CUST-2026-10371,Female,0,No,Yes,44,No,No internet service,No internet service,Month-to-month,No,Electronic check,23.91,1056.44,No
CUST-2026-10372,Female,0,Yes,Yes,40,Fiber optic,No,No,Month-to-month,Yes,Credit card (automatic),76.84,3076.33,No
CUST-2026-10373,Male,0,Yes,No,54,DSL,No,No,Month-to-month,Yes,Bank transfer (automatic),72.12,3883.49,No
CUST-2026-10374,Female,0,No,No,71,Fiber optic,No,No,One year,Yes,Credit card (automatic),75.5,5369.04,Yes
CUST-2026-10375,Male,0,No,No,8,Fiber optic,No,Yes,Two year,Yes,Mailed check,95.32,767.66,No
CUST-2026-10376,Female,0,No,Yes,47,DSL,No,No,Two year,Yes,Bank transfer (automatic),68.99,3255.67,No
CUST-2026-10377,Male,0,Yes,Yes,72,Fiber optic,No,No,One year,No,Mailed check,111.07,7998.76,Yes
CUST-2026-10378,Female,0,Yes,No,38,DSL,No,No,One year,No,Bank transfer (automatic),60.04,2277.25,Yes
CUST-2026-10379,Male,0,Yes,No,57,Fiber optic,No,No,Two year,Yes,Mailed check,94.33,5367.57,Yes
CUST-2026-10380,Male,0,Yes,Yes,57,Fiber optic,No,No,Month-to-month,Yes,Electronic check,74.49,4253.07,Yes
CUST-2026-10381,Male,0,No,Yes,39,No,No internet service,No internet service,One year,No,Electronic check,20.54,806.08,No
CUST-2026-10382,Female,1,No,No,51,Fiber optic,Yes,No,One year,No,Electronic check,90.03,4568.16,No
CUST-2026-10383,Female,0,No,No,18,DSL,No,No,Month-to-month,Yes,Credit card (automatic),66.71,1206.88,Yes
CUST-2026-10384,Female,0,Yes,Yes,61,Fiber optic,Yes,No,One year,Yes,Electronic check,108.27,6605.01,No
CUST-2026-10385,Female,1,Yes,Yes,53,Fiber optic,No,No,Month-to-month,Yes,Credit card (automatic),76.88,4074.55,Yes
CUST-2026-10386,Male,1,No,No,66,Fiber optic,No,No,Month-to-month,No,Bank transfer (automatic),95.94,6324.97,Yes
CUST-2026-10387,Male,0,Yes,No,50,DSL,No,No,Month-to-month,No,Electronic check,62.13,3103.78,No
CUST-2026-10388,Female,0,No,No,22,DSL,Yes,No,Month-to-month,Yes,Credit card (automatic),67.56,1488.77,No
CUST-2026-10389,Female,0,Yes,No,11,DSL,Yes,No,Month-to-month,No,Bank transfer (automatic),73.62,814.77,Yes
CUST-2026-10390,Female,0,No,Yes,27,DSL,No,No,Month-to-month,Yes,Mailed check,40.31,1109.14,Yes
CUST-2026-10391,Female,1,No,Yes,42,DSL,No,No,One year,No,Electronic check,45.22,1891.61,No
CUST-2026-10392,Female,0,No,No,40,Fiber optic,No,No,Month-to-month,No,Mailed check,110.76,4432.22,Yes
CUST-2026-10393,Male,1,No,No,53,Fiber optic,No,No,Month-to-month,Yes,Mailed check,116.87,6224.48,Yes
CUST-2026-10394,Female,0,No,No,16,DSL,No,No,Month-to-month,No,Bank transfer (automatic),61.36,987.44,Yes
CUST-2026-10395,Female,0,Yes,No,12,Fiber optic,No,No,One year,No,Credit card (automatic),116.83,1388.28,No
CUST-2026-10396,Male,0,No,Yes,20,No,No internet service,No internet service,Month-to-month,Yes,Credit card (automatic),19.62,399.86,No
CUST-2026-10397,Female,1,No,No,35,No,No internet service,No internet service,Two year,Yes,Electronic check,22.27,776.59,No
CUST-2026-10398,Male,0,Yes,No,59,Fiber optic,No,Yes,Month-to-month,Yes,Credit card (automatic),94.12,5557.43,Yes
CUST-2026-10399,Female,0,Yes,No,43,No,No internet service,No internet service,Month-to-month,No,Electronic check,19.68,852.58,Yes
CUST-2026-10400,Female,0,Yes,No,25,Fiber optic,Yes,No,Month-to-month,Yes,Mailed check,115.27,2889.12,Yes
CUST-2026-10401,Female,0,No,No,52,Fiber optic,No,No,Month-to-month,No,Credit card (automatic),93.47,4853.91,No
CUST-2026-10402,Female,0,No,No,8,DSL,Yes,No,Two year,No,Credit card (automatic),45.9,368.14,No
CUST-2026-10403,Female,0,Yes,No,53,Fiber optic,Yes,No,One year,No,Bank transfer (automatic),101.45,5381.38,No
CUST-2026-10404,Female,0,Yes,No,60,Fiber optic,No,Yes,Month-to-month,Yes,Credit card (automatic),72.9,4386.86,No
CUST-2026-10405,Female,0,Yes,Yes,68,DSL,Yes,No,Month-to-month,No,Bank transfer (automatic),44.01,2980.79,Yes
CUST-2026-10406,Male,0,No,No,45,No,No internet service,No internet service,Two year,Yes,Mailed check,22.67,1021.79,No
CUST-2026-10407,Male,0,No,Yes,15,No,No internet service,No internet service,Month-to-month,Yes,Electronic check,19.98,302.67,Yes
CUST-2026-10408,Male,0,Yes,No,39,No,No internet service,No internet service,One year,Yes,Electronic check,18.28,700.19,No
CUST-2026-10409,Male,1,Yes,No,44,No,No internet service,No internet service,Two year,Yes,Bank transfer (automatic),18.14,782.86,No
CUST-2026-10410,Female,0,No,No,65,No,No internet service,No internet service,Two year,Yes,Electronic check,20.22,1307.8,No
CUST-2026-10411,Female,0,No,No,47,DSL,No,Yes,One year,No,Mailed check,71.6,3375.81,No
CUST-2026-10412,Female,1,Yes,No,25,No,No internet service,No internet service,Month-to-month,No,Bank transfer (automatic),19.05,469.82,Yes
CUST-2026-10413,Male,1,No,Yes,62,Fiber optic,No,No,One year,Yes,Electronic check,103.05,6381.3,Yes
CUST-2026-10414,Female,0,Yes,No,53,Fiber optic,No,Yes,Month-to-month,Yes,Credit card (automatic),80.39,4256.68,Yes
CUST-2026-10415,Female,0,No,No,67,Fiber optic,Yes,No,Month-to-month,No,Bank transfer (automatic),85.51,5742.72,Yes
CUST-2026-10416,Female,1,Yes,No,69,No,No internet service,No internet service,Month-to-month,No,Electronic check,19.46,1350.09,No
CUST-2026-10417,Male,0,Yes,No,31,No,No internet service,No internet service,Two year,Yes,Bank transfer (automatic),18.34,563.76,Yes
CUST-2026-10418,Female,1,Yes,No,28,DSL,No,No,One year,No,Mailed check,63.47,1772.7,Yes
CUST-2026-10419,Female,0,No,Yes,57,Fiber optic,Yes,Yes,One year,No,Mailed check,96.27,5498.49,Yes
CUST-2026-10420,Male,0,Yes,Yes,42,DSL,No,Yes,Two year,Yes,Electronic check,49.1,2069.15,No
CUST-2026-10421,Male,0,No,No,51,No,No internet service,No internet service,Two year,No,Bank transfer (automatic),21.95,1124.26,No
CUST-2026-10422,Male,0,No,No,16,No,No internet service,No internet service,Two year,No,Mailed check,24.87,393.85,Yes
CUST-2026-10423,Female,0,No,No,21,Fiber optic,No,No,Month-to-month,No,Electronic check,88.08,1841.13,Yes
CUST-2026-10424,Female,0,No,No,18,No,No internet service,No internet service,One year,Yes,Electronic check,24.82,448.87,No
CUST-2026-10425,Male,0,No,Yes,4,Fiber optic,No,Yes,One year,Yes,Bank transfer (automatic),70.37,271.85,No
CUST-2026-10426,Male,0,Yes,No,25,DSL,No,No,Month-to-month,Yes,Mailed check,50.66,1263.06,Yes
CUST-2026-10427,Male,0,Yes,No,57,Fiber optic,No,Yes,Two year,No,Electronic check,75.37,4304.2,No
CUST-2026-10428,Male,0,Yes,No,23,Fiber optic,No,Yes,Month-to-month,Yes,Electronic check,84.98,1951.63,Yes
CUST-2026-10429,Male,0,No,No,19,Fiber optic,No,No,Month-to-month,Yes,Bank transfer (automatic),109.9,2088.95,Yes
CUST-2026-10430,Male,0,Yes,No,3,DSL,Yes,No,One year,No,Mailed check,43.37,132.07,Yes
CUST-2026-10431,Female,0,No,No,44,No,No internet service,No internet service,Month-to-month,Yes,Credit card (automatic),23.35,1036.23,No
CUST-2026-10432,Female,0,Yes,Yes,43,Fiber optic,No,Yes,One year,Yes,Mailed check,85.1,3655.89,No
CUST-2026-10433,Male,0,No,No,51,Fiber optic,No,Yes,One year,Yes,Credit card (automatic),99.22,5059.69,Yes
CUST-2026-10434,Male,0,No,No,72,DSL,No,No,Two year,Yes,Bank transfer (automatic),69.68,5033.5,No
CUST-2026-10435,Female,0,No,No,37,No,No internet service,No internet service,Month-to-month,Yes,Electronic check,20.83,789.12,No
CUST-2026-10436,Female,0,Yes,Yes,20,No,No internet service,No internet service,Month-to-month,No,Electronic check,24.78,502.74,No
CUST-2026-10437,Male,0,Yes,No,30,DSL,No,No,Month-to-month,No,Electronic check,48.85,1463.79,Yes
CUST-2026-10438,Female,0,No,Yes,41,Fiber optic,No,No,Month-to-month,No,Bank transfer (automatic),78.54,3232.5,Yes
CUST-2026-10439,Female,0,Yes,No,7,No,No internet service,No internet service,Two year,Yes,Credit card (automatic),24.95,164.1,No
CUST-2026-10440,Male,0,No,No,60,DSL,No,No,Two year,No,Electronic check,72.56,4361.75,No
CUST-2026-10441,Female,1,Yes,No,33,Fiber optic,Yes,No,One year,Yes,Electronic check,71.76,2358.25,No
CUST-2026-10442,Female,0,Yes,No,15,DSL,No,No,Month-to-month,No,Credit card (automatic),50.59,744.2,Yes
CUST-2026-10443,Female,0,No,No,57,No,No internet service,No internet service,Month-to-month,Yes,Credit card (automatic),22.44,1262.86,No
CUST-2026-10444,Female,0,Yes,No,69,DSL,No,No,Month-to-month,Yes,Electronic check,64.92,4475.4,Yes
CUST-2026-10445,Male,0,Yes,No,42,DSL,No,No,Month-to-month,No,Mailed check,67.99,2857.76,No
CUST-2026-10446,Male,0,Yes,No,17,Fiber optic,No,No,Two year,Yes,Bank transfer (automatic),111.24,1908.29,No
CUST-2026-10447,Male,0,Yes,No,44,Fiber optic,Yes,Yes,One year,Yes,Mailed check,100.57,4442.94,Yes
CUST-2026-10448,Female,0,No,Yes,18,Fiber optic,No,No,Month-to-month,No,Electronic check,76.54,1389.6,Yes
CUST-2026-10449,Female,0,Yes,Yes,53,DSL,No,Yes,Month-to-month,Yes,Electronic check,40.96,2166.72,Yes
CUST-2026-10450,Female,0,No,No,38,No,No internet service,No internet service,Month-to-month,No,Bank transfer (automatic),18.47,693.2,No
CUST-2026-10451,Male,0,Yes,Yes,50,DSL,No,No,Month-to-month,Yes,Mailed check,61.15,3043.67,Yes
CUST-2026-10452,Female,0,Yes,Yes,53,DSL,No,Yes,Month-to-month,Yes,Mailed check,66.75,3541.25,No
CUST-2026-10453,Female,0,No,No,11,Fiber optic,Yes,No,One year,No,Bank transfer (automatic),105.96,1158.88,No
CUST-2026-10454,Female,0,Yes,No,60,Fiber optic,No,No,One year,No,Mailed check,107.99,6451.63,No
CUST-2026-10455,Male,0,Yes,No,11,DSL,No,No,Two year,No,Electronic check,66.72,725.64,Yes
CUST-2026-10456,Male,0,Yes,Yes,8,Fiber optic,No,No,One year,Yes,Electronic check,95.89,759.83,Yes
CUST-2026-10457,Female,0,No,No,11,DSL,No,No,Month-to-month,No,Bank transfer (automatic),59.89,657.25,No
CUST-2026-10458,Female,0,Yes,Yes,27,DSL,No,No,Month-to-month,No,Credit card (automatic),63.82,1727.93,No
CUST-2026-10459,Female,0,Yes,No,31,Fiber optic,No,No,Month-to-month,Yes,Electronic check,85.3,2639.89,Yes
CUST-2026-10460,Female,1,No,No,28,Fiber optic,Yes,No,Month-to-month,Yes,Mailed check,83.68,2339.59,Yes
CUST-2026-10461,Male,0,No,No,23,DSL,No,No,One year,Yes,Credit card (automatic),69.39,1601.75,No
CUST-2026-10462,Female,0,No,Yes,1,Fiber optic,Yes,No,Month-to-month,Yes,Bank transfer (automatic),75.93,85.63,No
CUST-2026-10463,Female,0,Yes,No,58,Fiber optic,No,Yes,Month-to-month,Yes,Bank transfer (automatic),101.73,5897.82,Yes
CUST-2026-10464,Male,0,Yes,No,47,Fiber optic,No,Yes,Month-to-month,No,Electronic check,111.06,5216.39,No
CUST-2026-10465,Male,0,No,Yes,17,DSL,No,No,Month-to-month,Yes,Credit card (automatic),65.77,1133.55,Yes
CUST-2026-10466,Male,0,No,No,22,Fiber optic,No,Yes,One year,Yes,Bank transfer (automatic),72.25,1581.75,No
CUST-2026-10467,Male,0,No,No,67,DSL,Yes,No,Month-to-month,No,Credit card (automatic),55.92,3739.49,No
CUST-2026-10468,Male,0,Yes,Yes,18,Fiber optic,No,No,Two year,Yes,Credit card (automatic),97.09,1761.63,Yes
CUST-2026-10469,Male,1,Yes,No,46,Fiber optic,No,Yes,One year,Yes,Electronic check,73.76,3394.85,Yes
CUST-2026-10470,Male,1,No,No,16,No,No internet service,No internet service,Month-to-month,No,Credit card (automatic),23.63,385.09,Yes
CUST-2026-10471,Male,0,Yes,No,51,DSL,Yes,No,Month-to-month,Yes,Credit card (automatic),66.24,3363.59,No
CUST-2026-10472,Male,0,Yes,Yes,71,DSL,No,No,Month-to-month,No,Mailed check,71.35,5059.21,Yes
CUST-2026-10473,Female,0,Yes,No,48,Fiber optic,Yes,No,Month-to-month,Yes,Bank transfer (automatic),99.19,4750.45,No
CUST-2026-10474,Male,0,Yes,No,45,Fiber optic,No,Yes,Month-to-month,No,Credit card (automatic),77.42,3472.51,Yes
CUST-2026-10475,Female,0,No,No,49,DSL,No,No,Two year,Yes,Bank transfer (automatic),66.49,3253.66,No
CUST-2026-10476,Female,0,No,No,58,No,No internet service,No internet service,Month-to-month,Yes,Credit card (automatic),23.59,1359.22,No
CUST-2026-10477,Female,1,Yes,No,31,No,No internet service,No internet service,Two year,No,Mailed check,20.9,647.57,No
CUST-2026-10478,Female,0,Yes,Yes,24,No,No internet service,No internet service,One year,Yes,Bank transfer (automatic),21.97,531.31,No
CUST-2026-10479,Female,0,No,No,67,No,No internet service,No internet service,Two year,Yes,Credit card (automatic),18.91,1271.66,No
CUST-2026-10480,Male,0,No,No,54,Fiber optic,No,Yes,Month-to-month,No,Mailed check,79.93,4330.46,Yes
CUST-2026-10481,Male,0,Yes,No,62,Fiber optic,Yes,No,Two year,Yes,Bank transfer (automatic),92.33,5732.37,No
CUST-2026-10482,Female,0,Yes,No,31,No,No internet service,No internet service,Month-to-month,No,Bank transfer (automatic),18.03,541.17,Yes
CUST-2026-10483,Male,1,No,No,38,No,No internet service,No internet service,Month-to-month,No,Electronic check,19.41,752.4,Yes
CUST-2026-10484,Male,1,Yes,Yes,26,DSL,No,No,Month-to-month,Yes,Credit card (automatic),56.03,1463.61,Yes
CUST-2026-10485,Male,0,Yes,No,28,Fiber optic,Yes,Yes,Month-to-month,Yes,Electronic check,117.65,3288.95,No
CUST-2026-10486,Male,0,No,No,23,DSL,No,No,Month-to-month,No,Credit card (automatic),63.35,1438.57,Yes
CUST-2026-10487,Female,0,No,No,13,Fiber optic,No,Yes,Month-to-month,Yes,Electronic check,117.41,1536.84,Yes
CUST-2026-10488,Male,0,Yes,Yes,9,Fiber optic,No,No,Month-to-month,Yes,Credit card (automatic),107.24,974.1,Yes
CUST-2026-10489,Female,0,Yes,No,25,DSL,No,No,Two year,Yes,Electronic check,61.57,1553.33,No
CUST-2026-10490,Female,0,Yes,No,14,Fiber optic,No,No,One year,No,Bank transfer (automatic),101.16,1405.11,Yes
CUST-2026-10491,Female,0,No,Yes,4,No,No internet service,No internet service,Month-to-month,No,Credit card (automatic),23.71,94.27,No
CUST-2026-10492,Male,0,No,No,43,Fiber optic,Yes,No,One year,No,Electronic check,106.08,4544.65,Yes
CUST-2026-10493,Male,0,Yes,Yes,5,DSL,No,Yes,Two year,Yes,Mailed check,72.67,360.29,No
CUST-2026-10494,Female,0,No,No,15,Fiber optic,No,No,Two year,No,Mailed check,74.75,1132.06,No
CUST-2026-10495,Male,0,Yes,Yes,44,No,No internet service,No internet service,One year,No,Electronic check,21.08,932.9,Yes
CUST-2026-10496,Female,0,Yes,No,64,DSL,No,No,One year,Yes,Mailed check,68.01,4355.41,No
CUST-2026-10497,Female,0,No,No,9,Fiber optic,No,No,Month-to-month,Yes,Electronic check,112.06,1021.73,Yes
CUST-2026-10498,Male,0,Yes,No,17,No,No internet service,No internet service,Two year,No,Mailed check,22.9,405.13,No
CUST-2026-10499,Male,0,No,No,50,DSL,No,Yes,One year,No,Credit card (automatic),52.89,2638.82,No
CUST-2026-10500,Female,0,No,No,34,Fiber optic,No,No,Two year,Yes,Electronic check,103.99,3534.36,No
CUST-2026-10501,Female,1,No,No,45,Fiber optic,No,No,Two year,Yes,Mailed check,90.26,4063.9,Yes
CUST-2026-10502,Female,0,No,No,34,DSL,Yes,No,One year,Yes,Electronic check,42.95,1448.87,No
CUST-2026-10503,Female,1,No,No,23,DSL,No,No,Month-to-month,Yes,Bank transfer (automatic),53.43,1239.04,Yes
CUST-2026-10504,Female,1,Yes,No,42,Fiber optic,No,Yes,Month-to-month,Yes,Electronic check,103.5,4343.74,No
CUST-2026-10505,Female,0,No,No,24,Fiber optic,No,Yes,Two year,Yes,Bank transfer (automatic),103.54,2487.08,No
CUST-2026-10506,Male,0,No,No,25,No,No internet service,No internet service,One year,Yes,Bank transfer (automatic),24.79,617.27,Yes
CUST-2026-10507,Male,0,Yes,Yes,49,Fiber optic,No,No,Month-to-month,No,Mailed check,88.73,4336.73,Yes
CUST-2026-10508,Male,0,Yes,No,47,Fiber optic,No,No,Month-to-month,Yes,Mailed check,84.1,3947.79,Yes
CUST-2026-10509,Female,1,No,No,6,No,No internet service,No internet service,Month-to-month,Yes,Credit card (automatic),19.39,135.04,Yes
CUST-2026-10510,Female,0,Yes,No,61,No,No internet service,No internet service,Month-to-month,No,Credit card (automatic),22.1,1343.49,Yes
CUST-2026-10511,Female,1,Yes,No,11,Fiber optic,Yes,Yes,One year,Yes,Mailed check,109.43,1194.99,Yes
CUST-2026-10512,Female,0,No,No,1,DSL,No,No,Two year,No,Mailed check,74.67,61.86,No
CUST-2026-10513,Male,0,Yes,No,71,Fiber optic,No,No,Month-to-month,No,Bank transfer (automatic),85.86,6056.21,Yes
CUST-2026-10514,Male,0,Yes,Yes,53,DSL,No,Yes,Two year,Yes,Electronic check,41.27,2178.04,No
CUST-2026-10515,Male,0,Yes,No,55,Fiber optic,Yes,No,Month-to-month,No,Mailed check,83.36,4589.85,Yes
CUST-2026-10516,Female,0,No,No,55,No,No internet service,No internet service,Month-to-month,Yes,Bank transfer (automatic),18.68,1004.12,No
CUST-2026-10517,Male,0,No,No,55,Fiber optic,No,No,Month-to-month,Yes,Mailed check,78.68,4333.28,Yes
CUST-2026-10518,Male,0,Yes,Yes,43,Fiber optic,Yes,Yes,Month-to-month,Yes,Mailed check,82.67,3559.18,Yes
CUST-2026-10519,Female,0,Yes,Yes,66,DSL,Yes,Yes,One year,Yes,Credit card (automatic),67.72,4457.7,No
CUST-2026-10520,Female,0,Yes,No,71,No,No internet service,No internet service,Two year,Yes,Credit card (automatic),21.54,1532.35,No
CUST-2026-10521,Female,0,No,No,59,Fiber optic,Yes,No,Month-to-month,Yes,Electronic check,101.24,5971.72,Yes
CUST-2026-10522,Female,0,No,No,19,DSL,No,No,Month-to-month,Yes,Mailed check,46.79,894.18,Yes
CUST-2026-10523,Female,0,No,No,18,No,No internet service,No internet service,Two year,Yes,Bank transfer (automatic),22.54,384.83,No
CUST-2026-10524,Male,0,Yes,No,64,DSL,Yes,Yes,One year,No,Credit card (automatic),59.23,3790.44,No
CUST-2026-10525,Male,0,No,No,40,Fiber optic,No,No,One year,No,Credit card (automatic),87.36,3501.89,No
CUST-2026-10526,Female,0,No,Yes,45,Fiber optic,Yes,Yes,Month-to-month,Yes,Mailed check,89.16,4014.68,No
CUST-2026-10527,Female,0,Yes,Yes,72,Fiber optic,Yes,No,Month-to-month,No,Mailed check,86.85,6254.37,Yes
CUST-2026-10528,Female,0,Yes,No,27,DSL,No,No,Month-to-month,No,Bank transfer (automatic),46.13,1235.84,Yes
CUST-2026-10529,Female,0,No,Yes,64,Fiber optic,No,No,Two year,Yes,Electronic check,117.85,7548.96,No
CUST-2026-10530,Female,0,No,Yes,8,Fiber optic,No,No,Month-to-month,Yes,Electronic check,115.19,909.39,No
CUST-2026-10531,Male,0,Yes,No,23,Fiber optic,No,Yes,One year,No,Bank transfer (automatic),101.67,2331.18,No
CUST-2026-10532,Male,1,No,No,4,DSL,No,No,One year,Yes,Electronic check,63.4,265.28,Yes
CUST-2026-10533,Male,0,Yes,Yes,4,DSL,No,Yes,Month-to-month,Yes,Mailed check,64.44,251.76,Yes
CUST-2026-10534,Male,1,No,Yes,47,Fiber optic,No,Yes,Month-to-month,Yes,Bank transfer (automatic),117.74,5533.71,No
CUST-2026-10535,Male,0,Yes,Yes,19,Fiber optic,Yes,No,Two year,No,Electronic check,93.37,1769.51,Yes
CUST-2026-10536,Male,0,No,No,27,Fiber optic,No,No,Month-to-month,Yes,Bank transfer (automatic),85.98,2320.63,No
CUST-2026-10537,Female,0,Yes,No,69,Fiber optic,Yes,Yes,Month-to-month,No,Credit card (automatic),110.36,7623.71,Yes
CUST-2026-10538,Female,0,No,No,67,Fiber optic,No,Yes,Month-to-month,No,Credit card (automatic),106.87,7168.49,No
CUST-2026-10539,Female,1,No,Yes,41,Fiber optic,No,No,One year,Yes,Electronic check,112.75,4638.42,No
CUST-2026-10540,Female,0,Yes,No,12,Fiber optic,Yes,No,Month-to-month,Yes,Credit card (automatic),113.94,1362.16,Yes
CUST-2026-10541,Female,0,Yes,No,53,No,No internet service,No internet service,One year,No,Bank transfer (automatic),22.8,1201.67,No
CUST-2026-10542,Male,1,Yes,Yes,21,No,No internet service,No internet service,Month-to-month,Yes,Credit card (automatic),18.28,384.59,No
CUST-2026-10543,Female,1,No,Yes,43,Fiber optic,No,Yes,Month-to-month,No,Electronic check,107.55,4623.29,Yes
CUST-2026-10544,Female,0,No,No,17,Fiber optic,Yes,No,Month-to-month,No,Mailed check,94.75,1620.81,Yes
CUST-2026-10545,Male,0,No,Yes,8,Fiber optic,No,Yes,One year,Yes,Mailed check,79.44,620.6,Yes
CUST-2026-10546,Female,0,No,No,67,Fiber optic,No,Yes,Month-to-month,Yes,Mailed check,84.62,5649.29,Yes
CUST-2026-10547,Female,0,No,Yes,70,DSL,No,No,One year,Yes,Bank transfer (automatic),48.13,3363.2,Yes
CUST-2026-10548,Male,0,No,Yes,14,No,No internet service,No internet service,Month-to-month,No,Electronic check,18.45,266.65,No
CUST-2026-10549,Male,0,Yes,No,4,Fiber optic,No,No,Month-to-month,Yes,Electronic check,102.37,415.61,Yes
CUST-2026-10550,Female,0,No,No,39,DSL,Yes,No,Month-to-month,Yes,Electronic check,41.69,1634.75,Yes
CUST-2026-10551,Male,0,No,No,37,DSL,No,No,Month-to-month,No,Mailed check,53.81,1988.35,No
CUST-2026-10552,Male,0,Yes,No,69,DSL,Yes,No,Month-to-month,No,Bank transfer (automatic),43.83,3035.29,No
CUST-2026-10553,Female,1,Yes,No,60,Fiber optic,No,Yes,Two year,Yes,Credit card (automatic),92.06,5518.21,No
CUST-2026-10554,Female,0,Yes,No,22,DSL,No,No,One year,Yes,Electronic check,59.37,1308.45,Yes
CUST-2026-10555,Female,0,No,No,29,No,No internet service,No internet service,Two year,Yes,Bank transfer (automatic),21.57,636.33,Yes
CUST-2026-10556,Female,0,Yes,No,33,Fiber optic,Yes,No,Month-to-month,Yes,Credit card (automatic),106.25,3506.9,Yes
CUST-2026-10557,Female,0,Yes,No,1,No,No internet service,No internet service,Two year,Yes,Electronic check,20.93,18.18,No
CUST-2026-10558,Male,0,No,No,46,Fiber optic,No,No,Two year,Yes,Bank transfer (automatic),114.27,5246.83,No
CUST-2026-10559,Female,0,Yes,No,44,Fiber optic,No,No,Month-to-month,No,Electronic check,87.97,3866.99,Yes
CUST-2026-10560,Female,0,No,No,51,No,No internet service,No internet service,Two year,Yes,Mailed check,23.99,1221.25,Yes
CUST-2026-10561,Male,0,No,Yes,29,DSL,No,Yes,Month-to-month,Yes,Electronic check,69.0,2002.13,No
CUST-2026-10562,Female,1,Yes,Yes,11,DSL,Yes,Yes,Month-to-month,No,Electronic check,47.82,535.15,Yes
CUST-2026-10563,Female,0,No,Yes,9,No,No internet service,No internet service,One year,Yes,Bank transfer (automatic),23.22,208.65,No
CUST-2026-10564,Female,0,No,No,8,Fiber optic,No,No,One year,No,Credit card (automatic),109.8,871.94,Yes
CUST-2026-10565,Male,0,Yes,Yes,70,DSL,No,No,Two year,No,Electronic check,59.51,4163.42,Yes
CUST-2026-10566,Female,0,Yes,No,43,DSL,Yes,No,Month-to-month,No,Mailed check,43.12,1838.84,No
CUST-2026-10567,Female,0,No,Yes,39,Fiber optic,No,Yes,Two year,Yes,Electronic check,94.87,3717.94,No
CUST-2026-10568,Female,1,Yes,Yes,36,Fiber optic,No,Yes,One year,No,Credit card (automatic),107.32,3851.5,Yes
CUST-2026-10569,Female,1,No,Yes,43,DSL,No,Yes,One year,Yes,Credit card (automatic),53.52,2312.43,No
CUST-2026-10570,Male,0,No,Yes,10,Fiber optic,No,Yes,Month-to-month,No,Bank transfer (automatic),86.51,867.91,No
CUST-2026-10571,Female,0,No,No,36,DSL,Yes,No,Month-to-month,Yes,Mailed check,73.95,2675.09,No
CUST-2026-10572,Male,0,Yes,Yes,40,Fiber optic,No,No,Month-to-month,No,Credit card (automatic),94.53,3782.0,No
CUST-2026-10573,Female,0,Yes,No,57,DSL,No,No,Month-to-month,No,Electronic check,53.2,3016.44,No
CUST-2026-10574,Female,0,No,No,58,Fiber optic,Yes,No,Month-to-month,Yes,Electronic check,117.48,6809.99,Yes
CUST-2026-10575,Male,0,No,No,12,Fiber optic,No,No,One year,Yes,Credit card (automatic),79.46,970.72,No
CUST-2026-10576,Male,0,No,No,68,Fiber optic,No,No,One year,Yes,Credit card (automatic),74.42,5045.33,No
CUST-2026-10577,Male,0,No,No,31,DSL,No,No,One year,Yes,Bank transfer (automatic),41.73,1307.93,Yes
CUST-2026-10578,Male,0,No,Yes,63,No,No internet service,No internet service,One year,Yes,Credit card (automatic),18.58,1167.27,Yes
CUST-2026-10579,Male,0,Yes,No,45,Fiber optic,No,No,Month-to-month,Yes,Mailed check,81.38,3654.41,Yes
CUST-2026-10580,Male,0,Yes,No,58,Fiber optic,No,Yes,Month-to-month,Yes,Electronic check,104.46,6043.75,Yes
CUST-2026-10581,Male,1,No,Yes,9,No,No internet service,No internet service,Month-to-month,Yes,Electronic check,18.8,165.08,Yes
CUST-2026-10582,Male,1,Yes,Yes,49,Fiber optic,No,Yes,Two year,Yes,Mailed check,86.53,4228.54,Yes
CUST-2026-10583,Female,0,No,No,54,No,No internet service,No internet service,Two year,Yes,Bank transfer (automatic),23.19,1248.35,No
CUST-2026-10584,Male,0,Yes,No,57,No,No internet service,No internet service,One year,Yes,Credit card (automatic),19.29,1110.21,No
CUST-2026-10585,Female,0,No,No,56,DSL,Yes,No,Month-to-month,Yes,Electronic check,73.01,4073.45,No
CUST-2026-10586,Female,0,No,No,17,No,No internet service,No internet service,Month-to-month,No,Electronic check,24.63,416.44,Yes
CUST-2026-10587,Male,1,No,Yes,16,Fiber optic,No,No,Month-to-month,No,Mailed check,109.24,1751.74,Yes
CUST-2026-10588,Female,0,Yes,No,24,Fiber optic,No,Yes,Month-to-month,No,Mailed check,107.28,2554.16,Yes
CUST-2026-10589,Female,0,Yes,No,54,DSL,No,No,Two year,Yes,Mailed check,46.27,2494.15,No
CUST-2026-10590,Female,1,No,No,40,Fiber optic,No,No,Two year,Yes,Bank transfer (automatic),92.16,3693.08,No
CUST-2026-10591,Male,0,Yes,No,12,No,No internet service,No internet service,Month-to-month,Yes,Credit card (automatic),23.76,292.94,Yes
CUST-2026-10592,Male,0,Yes,Yes,34,DSL,No,Yes,One year,No,Mailed check,69.9,2385.01,Yes
CUST-2026-10593,Male,0,Yes,No,56,No,No internet service,No internet service,One year,Yes,Electronic check,20.88,1149.4,No
CUST-2026-10594,Male,0,Yes,Yes,38,DSL,No,Yes,One year,Yes,Credit card (automatic),71.46,2725.87,Yes
CUST-2026-10595,Female,0,No,No,59,Fiber optic,No,No,Month-to-month,No,Bank transfer (automatic),74.99,4420.88,No
CUST-2026-10596,Female,0,No,No,52,Fiber optic,No,No,One year,Yes,Bank transfer (automatic),70.05,3621.67,Yes
CUST-2026-10597,Male,0,No,No,44,Fiber optic,Yes,No,Month-to-month,No,Credit card (automatic),71.28,3139.09,Yes
CUST-2026-10598,Female,1,Yes,No,18,Fiber optic,No,Yes,Month-to-month,Yes,Bank transfer (automatic),73.49,1316.91,Yes
CUST-2026-10599,Male,0,Yes,No,44,Fiber optic,No,No,Month-to-month,No,Credit card (automatic),100.5,4425.41,Yes
CUST-2026-10600,Female,0,No,No,32,DSL,No,No,Two year,Yes,Electronic check,46.36,1472.47,No
CUST-2026-10601,Male,1,Yes,No,5,DSL,Yes,No,Month-to-month,Yes,Bank transfer (automatic),57.98,285.97,No
CUST-2026-10602,Female,0,No,Yes,16,No,No internet service,No internet service,Month-to-month,No,Mailed check,19.74,314.47,Yes
CUST-2026-10603,Male,0,No,No,25,No,No internet service,No internet service,Month-to-month,No,Electronic check,21.23,544.54,No
CUST-2026-10604,Male,0,Yes,No,13,No,No internet service,No internet service,One year,No,Electronic check,24.7,320.24,Yes
CUST-2026-10605,Female,1,Yes,No,64,Fiber optic,No,No,Month-to-month,Yes,Credit card (automatic),78.77,5056.28,Yes
CUST-2026-10606,Female,0,No,Yes,33,Fiber optic,No,Yes,Two year,No,Credit card (automatic),82.5,2743.1,No
CUST-2026-10607,Male,0,No,No,57,DSL,No,No,One year,No,Electronic check,57.92,3303.36,Yes
CUST-2026-10608,Male,1,No,No,22,DSL,Yes,No,Month-to-month,Yes,Mailed check,48.16,1062.74,Yes
CUST-2026-10609,Male,0,Yes,Yes,63,Fiber optic,No,Yes,One year,Yes,Bank transfer (automatic),101.33,6362.55,No
CUST-2026-10610,Male,1,Yes,No,65,DSL,Yes,No,Month-to-month,Yes,Bank transfer (automatic),68.49,4462.31,Yes
CUST-2026-10611,Male,0,Yes,No,35,Fiber optic,No,Yes,One year,No,Electronic check,93.76,3281.77,No
CUST-2026-10612,Male,0,Yes,No,20,Fiber optic,Yes,Yes,Month-to-month,Yes,Mailed check,107.98,2171.01,Yes
CUST-2026-10613,Male,0,Yes,Yes,11,Fiber optic,Yes,No,Two year,Yes,Credit card (automatic),73.1,790.68,No
CUST-2026-10614,Female,1,No,No,39,Fiber optic,No,No,One year,No,Credit card (automatic),117.01,4573.31,No
CUST-2026-10615,Female,0,Yes,No,63,No,No internet service,No internet service,Two year,Yes,Bank transfer (automatic),18.74,1177.24,No
CUST-2026-10616,Female,1,No,No,45,DSL,No,No,One year,Yes,Electronic check,45.0,1993.7,No
CUST-2026-10617,Male,1,No,Yes,69,No,No internet service,No internet service,Month-to-month,Yes,Mailed check,19.36,1325.81,No
CUST-2026-10618,Female,0,Yes,No,69,Fiber optic,No,No,Month-to-month,Yes,Electronic check,85.62,5910.43,Yes
CUST-2026-10619,Male,0,Yes,Yes,51,DSL,No,No,Month-to-month,Yes,Credit card (automatic),54.08,2750.65,Yes
CUST-2026-10620,Female,0,Yes,No,10,Fiber optic,Yes,Yes,Month-to-month,Yes,Mailed check,106.0,1053.43,No
CUST-2026-10621,Female,0,Yes,No,12,No,No internet service,No internet service,Month-to-month,Yes,Credit card (automatic),20.14,253.47,Yes
CUST-2026-10622,Female,0,Yes,Yes,12,No,No internet service,No internet service,Month-to-month,Yes,Electronic check,22.91,264.83,Yes
CUST-2026-10623,Male,0,No,Yes,66,DSL,No,No,One year,Yes,Electronic check,56.76,3732.48,No
CUST-2026-10624,Male,0,Yes,No,72,Fiber optic,Yes,No,One year,Yes,Bank transfer (automatic),112.97,8156.87,No
CUST-2026-10625,Female,0,No,Yes,52,Fiber optic,No,No,One year,Yes,Mailed check,103.67,5383.93,No
CUST-2026-10626,Female,1,Yes,No,54,No,No internet service,No internet service,Month-to-month,Yes,Bank transfer (automatic),18.17,998.83,No
CUST-2026-10627,Female,1,Yes,Yes,57,Fiber optic,No,No,Month-to-month,No,Electronic check,115.02,6557.99,Yes
CUST-2026-10628,Female,0,Yes,Yes,3,Fiber optic,No,No,Month-to-month,Yes,Bank transfer (automatic),76.55,249.61,Yes
CUST-2026-10629,Female,0,Yes,No,41,Fiber optic,No,No,Month-to-month,Yes,Electronic check,75.24,3092.08,Yes
CUST-2026-10630,Female,0,No,No,34,Fiber optic,No,No,Month-to-month,No,Bank transfer (automatic),75.19,2554.03,Yes
CUST-2026-10631,Male,0,Yes,Yes,17,Fiber optic,No,Yes,Month-to-month,Yes,Bank transfer (automatic),108.57,1847.87,Yes
CUST-2026-10632,Male,0,No,Yes,39,DSL,Yes,No,One year,No,Credit card (automatic),64.89,2537.67,Yes
CUST-2026-10633,Male,0,No,Yes,64,DSL,No,No,One year,No,Mailed check,40.43,2584.8,Yes
CUST-2026-10634,Male,0,No,No,31,Fiber optic,No,Yes,Month-to-month,Yes,Bank transfer (automatic),77.91,2420.85,Yes
CUST-2026-10635,Male,0,No,No,10,Fiber optic,Yes,Yes,Month-to-month,No,Bank transfer (automatic),75.19,753.11,No
CUST-2026-10636,Female,0,Yes,No,54,No,No internet service,No internet service,Month-to-month,No,Bank transfer (automatic),20.99,1133.07,No
CUST-2026-10637,Male,0,No,No,46,Fiber optic,No,Yes,Two year,No,Electronic check,75.44,3478.76,No
CUST-2026-10638,Female,0,No,No,54,No,No internet service,No internet service,Month-to-month,Yes,Electronic check,24.88,1339.2,No
CUST-2026-10639,Male,0,No,No,40,DSL,No,Yes,Month-to-month,No,Bank transfer (automatic),56.87,2281.45,Yes
CUST-2026-10640,Female,0,Yes,Yes,66,No,No internet service,No internet service,One year,Yes,Electronic check,19.57,1284.51,No
CUST-2026-10641,Male,0,Yes,No,71,No,No internet service,No internet service,Month-to-month,Yes,Bank transfer (automatic),24.26,1726.75,No
CUST-2026-10642,Male,0,Yes,Yes,70,DSL,No,Yes,Month-to-month,No,Bank transfer (automatic),70.54,4953.93,Yes
CUST-2026-10643,Female,1,No,No,12,Fiber optic,No,No,Month-to-month,Yes,Mailed check,70.18,847.36,Yes
CUST-2026-10644,Male,0,Yes,Yes,64,Fiber optic,Yes,No,One year,Yes,Electronic check,91.7,5890.82,Yes
CUST-2026-10645,Female,0,Yes,No,4,Fiber optic,No,Yes,Month-to-month,Yes,Bank transfer (automatic),112.11,469.63,Yes
CUST-2026-10646,Male,1,Yes,No,50,No,No internet service,No internet service,Month-to-month,Yes,Credit card (automatic),21.62,1080.74,No
CUST-2026-10647,Female,0,No,No,62,DSL,No,No,Month-to-month,No,Bank transfer (automatic),52.54,3269.89,Yes
CUST-2026-10648,Male,1,Yes,No,61,Fiber optic,Yes,No,One year,Yes,Electronic check,99.11,6066.14,Yes
CUST-2026-10649,Female,0,No,No,7,Fiber optic,No,No,Month-to-month,No,Mailed check,94.28,664.21,Yes
CUST-2026-10650,Male,0,No,No,18,Fiber optic,Yes,Yes,Month-to-month,No,Bank transfer (automatic),102.96,1859.68,Yes
CUST-2026-10651,Male,0,No,No,17,No,No internet service,No internet service,Month-to-month,Yes,Mailed check,24.38,408.18,No
CUST-2026-10652,Female,0,No,Yes,27,No,No internet service,No internet service,Two year,Yes,Mailed check,18.3,479.45,No
CUST-2026-10653,Female,1,Yes,Yes,23,Fiber optic,No,Yes,Month-to-month,Yes,Mailed check,79.37,1815.4,Yes
CUST-2026-10654,Female,0,Yes,No,6,No,No internet service,No internet service,One year,No,Electronic check,24.93,136.79,Yes
CUST-2026-10655,Female,0,Yes,No,1,Fiber optic,No,No,Month-to-month,No,Credit card (automatic),83.61,63.69,Yes
CUST-2026-10656,Female,0,No,No,63,Fiber optic,No,Yes,Two year,Yes,Credit card (automatic),79.36,5001.73,No
CUST-2026-10657,Male,0,Yes,No,48,Fiber optic,No,No,Month-to-month,No,Bank transfer (automatic),88.01,4221.21,Yes
CUST-2026-10658,Male,0,Yes,No,4,No,No internet service,No internet service,Two year,Yes,Mailed check,19.45,69.83,No
CUST-2026-10659,Male,0,No,No,35,DSL,No,No,One year,Yes,Bank transfer (automatic),59.53,2081.94,Yes
CUST-2026-10660,Male,0,No,No,6,No,No internet service,No internet service,Month-to-month,Yes,Bank transfer (automatic),23.92,139.94,Yes
CUST-2026-10661,Female,0,No,No,33,No,No internet service,No internet service,Month-to-month,No,Credit card (automatic),19.32,642.91,Yes
CUST-2026-10662,Female,0,Yes,No,60,No,No internet service,No internet service,Month-to-month,No,Electronic check,18.49,1112.88,Yes
CUST-2026-10663,Female,0,No,No,68,Fiber optic,No,No,Two year,Yes,Electronic check,83.81,5699.14,No
CUST-2026-10664,Male,0,No,Yes,50,DSL,No,No,Month-to-month,No,Bank transfer (automatic),67.5,3371.91,Yes
CUST-2026-10665,Female,0,No,No,11,Fiber optic,No,No,One year,Yes,Electronic check,82.48,900.45,Yes
CUST-2026-10666,Male,0,Yes,No,51,No,No internet service,No internet service,Month-to-month,No,Electronic check,18.46,933.71,Yes
CUST-2026-10667,Male,0,Yes,No,46,Fiber optic,No,Yes,Month-to-month,No,Mailed check,86.35,3969.52,No
CUST-2026-10668,Female,1,No,Yes,22,Fiber optic,Yes,Yes,Two year,Yes,Mailed check,72.37,1598.56,No
CUST-2026-10669,Male,0,No,No,36,No,No internet service,No internet service,Month-to-month,No,Mailed check,18.63,661.66,Yes
CUST-2026-10670,Male,0,Yes,Yes,33,Fiber optic,Yes,No,Two year,Yes,Electronic check,110.09,3615.67,No
CUST-2026-10671,Female,0,No,No,36,DSL,No,Yes,Month-to-month,No,Electronic check,68.62,2498.2,Yes
CUST-2026-10672,Male,0,No,No,72,DSL,No,No,Two year,No,Electronic check,55.94,4018.9,Yes
CUST-2026-10673,Female,0,Yes,No,61,DSL,Yes,No,One year,No,Electronic check,70.05,4276.68,No
CUST-2026-10674,Female,0,Yes,No,10,No,No internet service,No internet service,Two year,No,Mailed check,21.45,216.6,Yes
CUST-2026-10675,Female,0,No,Yes,57,DSL,No,No,Month-to-month,No,Electronic check,42.36,2412.98,No
CUST-2026-10676,Male,0,No,No,65,Fiber optic,No,No,Month-to-month,No,Bank transfer (automatic),96.03,6244.66,No
CUST-2026-10677,Female,1,No,No,30,Fiber optic,No,Yes,One year,No,Bank transfer (automatic),86.19,2601.2,No
CUST-2026-10678,Female,1,Yes,No,4,DSL,Yes,No,One year,Yes,Electronic check,56.23,227.48,Yes
CUST-2026-10679,Female,0,Yes,No,67,Fiber optic,No,No,Month-to-month,No,Electronic check,88.67,5948.95,Yes
CUST-2026-10680,Female,0,No,No,61,DSL,Yes,No,Month-to-month,No,Mailed check,51.84,3148.39,Yes
CUST-2026-10681,Male,0,No,Yes,6,DSL,No,Yes,One year,Yes,Credit card (automatic),61.2,378.61,Yes
CUST-2026-10682,Male,0,Yes,No,17,DSL,No,No,One year,No,Electronic check,41.13,694.98,No
CUST-2026-10683,Male,0,No,No,34,Fiber optic,No,No,Two year,No,Electronic check,91.79,3129.01,No
CUST-2026-10684,Male,0,No,No,40,DSL,Yes,No,Two year,Yes,Bank transfer (automatic),59.11,2364.61,No
CUST-2026-10685,Male,0,No,No,12,No,No internet service,No internet service,One year,Yes,Bank transfer (automatic),21.29,261.13,Yes
CUST-2026-10686,Male,0,Yes,No,67,Fiber optic,No,No,Two year,Yes,Electronic check,107.51,7220.37,Yes
CUST-2026-10687,Male,0,No,No,30,DSL,No,Yes,One year,Yes,Bank transfer (automatic),69.36,2076.55,No
CUST-2026-10688,Male,1,No,Yes,57,No,No internet service,No internet service,Month-to-month,Yes,Mailed check,23.63,1351.33,No
CUST-2026-10689,Male,1,No,No,66,DSL,No,Yes,Two year,No,Bank transfer (automatic),72.99,4824.91,No
CUST-2026-10690,Male,0,Yes,No,71,Fiber optic,Yes,Yes,Month-to-month,Yes,Credit card (automatic),96.42,6863.92,No
CUST-2026-10691,Male,0,No,No,58,Fiber optic,No,No,Month-to-month,Yes,Credit card (automatic),105.97,6137.57,No
CUST-2026-10692,Female,0,Yes,No,24,DSL,No,Yes,One year,No,Mailed check,57.24,1399.47,No
CUST-2026-10693,Male,0,Yes,No,49,No,No internet service,No internet service,One year,No,Bank transfer (automatic),23.54,1163.69,No
CUST-2026-10694,Male,0,Yes,Yes,66,DSL,No,No,Two year,No,Electronic check,74.43,4927.72,No
CUST-2026-10695,Female,0,Yes,No,41,Fiber optic,No,Yes,Two year,No,Electronic check,115.28,4714.02,Yes
CUST-2026-10696,Male,0,Yes,Yes,55,Fiber optic,Yes,No,Month-to-month,Yes,Bank transfer (automatic),90.56,4982.08,No
CUST-2026-10697,Male,0,No,Yes,33,Fiber optic,No,No,Month-to-month,Yes,Mailed check,73.42,2430.97,Yes
CUST-2026-10698,Male,0,No,No,51,No,No internet service,No internet service,One year,No,Electronic check,18.39,942.84,No
CUST-2026-10699,Male,0,Yes,No,42,DSL,No,No,Month-to-month,No,Credit card (automatic),68.57,2899.31,Yes
CUST-2026-10700,Male,0,Yes,Yes,6,No,No internet service,No internet service,Month-to-month,Yes,Electronic check,19.38,100.35,Yes
CUST-2026-10701,Male,0,No,No,17,Fiber optic,No,No,Month-to-month,Yes,Bank transfer (automatic),83.54,1427.34,No
CUST-2026-10702,Female,0,No,No,14,DSL,No,Yes,Two year,No,Bank transfer (automatic),68.12,951.78,No
CUST-2026-10703,Male,1,No,No,69,Fiber optic,No,Yes,One year,Yes,Bank transfer (automatic),114.67,7914.6,Yes
CUST-2026-10704,Female,0,No,No,63,DSL,No,No,Month-to-month,No,Bank transfer (automatic),46.58,2933.76,Yes
CUST-2026-10705,Male,0,No,No,57,No,No internet service,No internet service,Month-to-month,No,Electronic check,19.32,1093.49,Yes
CUST-2026-10706,Male,0,No,No,21,Fiber optic,Yes,Yes,Two year,Yes,Electronic check,113.37,2382.5,No
CUST-2026-10707,Female,0,No,No,45,Fiber optic,No,Yes,Month-to-month,Yes,Mailed check,78.63,3547.23,Yes
CUST-2026-10708,Male,0,No,No,44,Fiber optic,No,No,Two year,Yes,Mailed check,100.07,4395.45,Yes
CUST-2026-10709,Female,0,No,No,49,DSL,No,No,Two year,Yes,Mailed check,54.55,2671.91,No
CUST-2026-10710,Female,0,No,No,50,DSL,Yes,Yes,Two year,Yes,Electronic check,47.01,2355.26,No
CUST-2026-10711,Female,0,No,No,63,No,No internet service,No internet service,One year,Yes,Electronic check,20.8,1321.72,No
CUST-2026-10712,Male,1,Yes,No,30,No,No internet service,No internet service,One year,Yes,Mailed check,22.21,666.55,No
CUST-2026-10713,Female,0,No,No,47,Fiber optic,No,No,Two year,Yes,Credit card (automatic),97.51,4597.05,No
CUST-2026-10714,Male,0,No,No,19,No,No internet service,No internet service,Month-to-month,Yes,Credit card (automatic),18.75,347.31,No
CUST-2026-10715,Male,0,Yes,No,59,Fiber optic,Yes,No,Month-to-month,No,Bank transfer (automatic),111.61,6592.53,Yes
CUST-2026-10716,Female,1,No,No,14,Fiber optic,No,Yes,Month-to-month,Yes,Electronic check,76.39,1087.8,Yes
CUST-2026-10717,Male,0,Yes,No,34,Fiber optic,No,No,Month-to-month,Yes,Electronic check,95.8,3244.69,Yes
CUST-2026-10718,Male,0,No,Yes,56,DSL,Yes,No,Two year,Yes,Electronic check,70.36,3942.26,No
CUST-2026-10719,Male,0,No,No,56,DSL,No,No,Month-to-month,Yes,Mailed check,46.11,2570.92,Yes
CUST-2026-10720,Female,0,No,No,41,Fiber optic,No,No,One year,Yes,Mailed check,85.36,3508.44,Yes
CUST-2026-10721,Male,1,Yes,No,47,Fiber optic,No,No,Month-to-month,Yes,Electronic check,73.39,3457.33,Yes
CUST-2026-10722,Female,0,No,No,19,DSL,No,No,Two year,Yes,Electronic check,62.16,1190.08,No
CUST-2026-10723,Female,0,Yes,No,54,DSL,No,Yes,Month-to-month,Yes,Mailed check,60.09,3249.75,Yes
CUST-2026-10724,Female,1,No,No,22,DSL,No,No,Month-to-month,No,Electronic check,73.16,1623.61,No
CUST-2026-10725,Male,0,Yes,Yes,1,Fiber optic,No,No,Month-to-month,Yes,Credit card (automatic),107.91,103.76,Yes
CUST-2026-10726,Female,0,No,No,14,Fiber optic,Yes,Yes,One year,No,Bank transfer (automatic),96.8,1360.82,No
CUST-2026-10727,Male,1,No,No,4,DSL,Yes,Yes,Month-to-month,Yes,Bank transfer (automatic),64.67,263.98,No
CUST-2026-10728,Female,1,No,No,4,Fiber optic,No,No,Month-to-month,No,Credit card (automatic),90.86,358.71,Yes
CUST-2026-10729,Female,0,No,No,32,Fiber optic,No,Yes,Month-to-month,Yes,Credit card (automatic),103.6,3326.79,No
CUST-2026-10730,Female,0,Yes,No,50,DSL,No,No,One year,Yes,Bank transfer (automatic),57.32,2857.44,No
CUST-2026-10731,Male,0,No,No,15,Fiber optic,No,No,Two year,Yes,Credit card (automatic),84.99,1287.25,No
CUST-2026-10732,Male,0,Yes,Yes,30,Fiber optic,No,No,Month-to-month,Yes,Bank transfer (automatic),75.51,2258.9,Yes
CUST-2026-10733,Female,0,Yes,No,60,DSL,No,Yes,Two year,No,Electronic check,66.19,3983.43,No
CUST-2026-10734,Female,0,No,Yes,66,No,No internet service,No internet service,One year,Yes,Credit card (automatic),19.06,1276.08,No
CUST-2026-10735,Female,0,No,Yes,21,Fiber optic,No,Yes,Month-to-month,Yes,Mailed check,78.31,1643.25,Yes
CUST-2026-10736,Female,0,No,No,69,DSL,No,No,Month-to-month,Yes,Credit card (automatic),56.94,3920.85,No
CUST-2026-10737,Female,0,Yes,Yes,4,No,No internet service,No internet service,One year,Yes,Mailed check,20.8,93.8,No
CUST-2026-10738,Female,0,Yes,Yes,1,No,No internet service,No internet service,One year,Yes,Mailed check,19.32,18.27,Yes
CUST-2026-10739,Female,0,Yes,No,66,Fiber optic,Yes,No,Month-to-month,Yes,Electronic check,88.24,5819.03,Yes
CUST-2026-10740,Male,0,No,Yes,19,DSL,No,No,Two year,Yes,Bank transfer (automatic),53.57,1017.9,Yes
CUST-2026-10741,Male,0,Yes,No,39,DSL,No,No,One year,Yes,Electronic check,47.75,1861.35,No
CUST-2026-10742,Female,0,Yes,No,40,Fiber optic,Yes,No,Month-to-month,No,Electronic check,108.98,4354.73,Yes
CUST-2026-10743,Female,0,Yes,Yes,69,Fiber optic,No,No,One year,Yes,Credit card (automatic),73.31,5057.26,No
CUST-2026-10744,Female,0,Yes,Yes,19,DSL,No,No,Month-to-month,No,Bank transfer (automatic),50.69,983.02,No
CUST-2026-10745,Male,0,No,No,36,No,No internet service,No internet service,Month-to-month,Yes,Electronic check,22.23,801.8,Yes
CUST-2026-10746,Male,0,No,No,3,Fiber optic,No,Yes,Two year,No,Electronic check,71.36,210.92,No
CUST-2026-10747,Male,0,No,Yes,4,No,No internet service,No internet service,Month-to-month,No,Credit card (automatic),23.54,90.68,Yes
CUST-2026-10748,Female,0,Yes,No,36,DSL,No,No,Two year,No,Mailed check,45.39,1631.37,No
CUST-2026-10749,Female,0,Yes,Yes,43,Fiber optic,No,No,Month-to-month,Yes,Electronic check,85.55,3676.37,Yes
CUST-2026-10750,Male,0,Yes,Yes,43,Fiber optic,No,Yes,Month-to-month,Yes,Electronic check,92.37,3969.55,Yes
CUST-2026-10751,Male,0,No,No,21,Fiber optic,No,No,One year,Yes,Credit card (automatic),96.98,2053.98,No
CUST-2026-10752,Male,1,Yes,No,40,DSL,No,No,Month-to-month,Yes,Credit card (automatic),51.76,2055.98,Yes
CUST-2026-10753,Male,0,No,No,56,Fiber optic,No,Yes,Month-to-month,No,Mailed check,100.4,5599.37,No
CUST-2026-10754,Female,0,No,No,45,No,No internet service,No internet service,Two year,No,Electronic check,18.78,844.0,No
CUST-2026-10755,Male,1,No,No,40,Fiber optic,No,No,One year,No,Bank transfer (automatic),86.04,3431.24,No
CUST-2026-10756,Female,0,No,No,29,No,No internet service,No internet service,One year,No,Credit card (automatic),23.89,702.02,Yes
CUST-2026-10757,Female,0,Yes,No,33,Fiber optic,Yes,No,Month-to-month,Yes,Credit card (automatic),96.14,3173.22,No
CUST-2026-10758,Male,0,No,No,71,DSL,Yes,No,Month-to-month,No,Electronic check,67.8,4835.66,Yes
CUST-2026-10759,Female,0,Yes,No,46,Fiber optic,No,No,Two year,Yes,Credit card (automatic),96.25,4425.47,No
CUST-2026-10760,Female,1,Yes,No,68,DSL,No,No,Two year,No,Electronic check,58.99,4025.27,No
CUST-2026-10761,Female,0,Yes,No,45,DSL,No,Yes,One year,Yes,Credit card (automatic),68.15,3057.01,No
CUST-2026-10762,Female,0,Yes,Yes,45,Fiber optic,No,Yes,Month-to-month,Yes,Bank transfer (automatic),103.77,4667.17,Yes
CUST-2026-10763,Female,0,Yes,Yes,50,Fiber optic,No,Yes,Month-to-month,Yes,Bank transfer (automatic),75.9,3794.96,Yes
CUST-2026-10764,Female,0,No,No,19,No,No internet service,No internet service,Month-to-month,No,Electronic check,23.34,432.1,Yes
CUST-2026-10765,Female,0,No,No,49,DSL,Yes,No,Month-to-month,No,Electronic check,72.65,3567.5,Yes
CUST-2026-10766,Male,1,Yes,No,18,Fiber optic,No,Yes,Month-to-month,No,Electronic check,94.66,1702.98,Yes
CUST-2026-10767,Female,0,Yes,Yes,42,DSL,No,No,One year,Yes,Electronic check,43.12,1809.39,Yes
CUST-2026-10768,Male,0,Yes,Yes,33,DSL,Yes,Yes,Month-to-month,No,Mailed check,61.89,2037.72,No
CUST-2026-10769,Female,0,No,No,45,DSL,Yes,No,Two year,Yes,Electronic check,55.24,2472.48,No
CUST-2026-10770,Male,0,No,No,48,No,No internet service,No internet service,Month-to-month,No,Electronic check,20.18,963.1,Yes
CUST-2026-10771,Male,0,Yes,No,21,DSL,No,No,One year,No,Bank transfer (automatic),45.7,956.74,Yes
CUST-2026-10772,Female,0,No,Yes,44,Fiber optic,Yes,No,One year,No,Electronic check,84.31,3710.59,No
CUST-2026-10773,Male,0,Yes,No,54,Fiber optic,No,No,Month-to-month,Yes,Electronic check,112.65,6086.0,Yes
CUST-2026-10774,Male,0,Yes,Yes,69,DSL,No,Yes,One year,Yes,Electronic check,69.63,4819.93,Yes
CUST-2026-10775,Female,0,No,No,51,Fiber optic,Yes,No,Month-to-month,Yes,Mailed check,104.85,5340.08,Yes
CUST-2026-10776,Female,1,Yes,No,44,DSL,No,No,Month-to-month,Yes,Bank transfer (automatic),61.29,2676.19,Yes
CUST-2026-10777,Male,0,No,Yes,44,DSL,No,Yes,Two year,No,Mailed check,48.75,2151.4,No
CUST-2026-10778,Female,0,No,No,46,Fiber optic,No,Yes,Month-to-month,No,Electronic check,88.88,4089.71,No
CUST-2026-10779,Male,0,Yes,No,47,No,No internet service,No internet service,Month-to-month,No,Mailed check,21.61,1012.35,Yes
CUST-2026-10780,Female,0,No,No,59,No,No internet service,No internet service,Two year,Yes,Electronic check,20.06,1186.64,No
CUST-2026-10781,Female,0,No,Yes,1,Fiber optic,No,No,Two year,Yes,Mailed check,84.79,100.12,No
CUST-2026-10782,Female,0,No,Yes,35,No,No internet service,No internet service,Month-to-month,Yes,Bank transfer (automatic),21.79,760.94,No
CUST-2026-10783,Female,0,No,No,45,DSL,No,No,Two year,Yes,Electronic check,42.3,1922.59,No
CUST-2026-10784,Male,1,No,Yes,16,No,No internet service,No internet service,Two year,Yes,Mailed check,19.3,296.51,No
CUST-2026-10785,Female,0,Yes,No,63,DSL,No,Yes,Month-to-month,No,Credit card (automatic),40.63,2558.3,No
CUST-2026-10786,Male,0,No,No,54,DSL,No,No,Month-to-month,Yes,Electronic check,45.42,2447.21,Yes
CUST-2026-10787,Male,0,Yes,Yes,65,No,No internet service,No internet service,One year,No,Bank transfer (automatic),19.34,1260.33,No
CUST-2026-10788,Male,0,Yes,No,48,DSL,No,Yes,Two year,No,Credit card (automatic),70.89,3405.05,No
CUST-2026-10789,Male,0,Yes,No,27,No,No internet service,No internet service,Month-to-month,Yes,Mailed check,22.03,568.47,No
CUST-2026-10790,Male,1,Yes,Yes,51,No,No internet service,No internet service,Month-to-month,No,Credit card (automatic),20.88,1069.24,No
CUST-2026-10791,Male,1,Yes,No,26,DSL,Yes,No,Month-to-month,Yes,Bank transfer (automatic),53.92,1401.39,Yes
CUST-2026-10792,Female,0,Yes,No,20,Fiber optic,Yes,No,Month-to-month,Yes,Mailed check,77.28,1538.89,Yes
CUST-2026-10793,Female,0,No,No,54,No,No internet service,No internet service,Two year,Yes,Electronic check,23.45,1252.07,No
CUST-2026-10794,Female,0,No,Yes,5,Fiber optic,No,No,Month-to-month,Yes,Electronic check,112.75,555.71,Yes
CUST-2026-10795,Female,0,No,No,23,Fiber optic,No,No,Month-to-month,No,Bank transfer (automatic),82.16,1892.69,Yes
CUST-2026-10796,Female,1,Yes,Yes,55,DSL,No,Yes,Month-to-month,Yes,Mailed check,45.39,2498.07,Yes
CUST-2026-10797,Female,0,No,No,37,No,No internet service,No internet service,Two year,Yes,Mailed check,24.9,930.39,No
CUST-2026-10798,Female,0,Yes,Yes,17,Fiber optic,No,No,Month-to-month,Yes,Mailed check,110.43,1874.53,No
CUST-2026-10799,Female,0,No,Yes,40,No,No internet service,No internet service,Month-to-month,Yes,Credit card (automatic),20.67,826.41,Yes
CUST-2026-10800,Female,0,No,Yes,13,No,No internet service,No internet service,One year,Yes,Electronic check,19.81,268.95,Yes
CUST-2026-10801,Female,0,Yes,No,67,No,No internet service,No internet service,One year,Yes,Credit card (automatic),24.23,1608.55,No
CUST-2026-10802,Male,1,Yes,No,9,Fiber optic,Yes,Yes,Month-to-month,No,Bank transfer (automatic),116.68,1053.91,Yes
CUST-2026-10803,Female,0,Yes,No,58,No,No internet service,No internet service,Month-to-month,No,Mailed check,21.67,1253.11,Yes
CUST-2026-10804,Female,0,No,No,16,No,No internet service,No internet service,Month-to-month,Yes,Bank transfer (automatic),24.66,394.2,Yes
CUST-2026-10805,Female,0,No,No,38,No,No internet service,No internet service,Month-to-month,Yes,Electronic check,24.2,927.99,No
CUST-2026-10806,Male,0,Yes,No,22,DSL,Yes,Yes,Month-to-month,No,Credit card (automatic),59.64,1311.54,Yes
CUST-2026-10807,Female,0,Yes,No,3,Fiber optic,No,Yes,One year,Yes,Electronic check,93.67,283.27,Yes
CUST-2026-10808,Female,0,No,Yes,24,DSL,Yes,Yes,Month-to-month,Yes,Mailed check,49.89,1194.61,No
CUST-2026-10809,Female,0,Yes,No,54,DSL,Yes,No,Month-to-month,Yes,Bank transfer (automatic),45.77,2471.84,Yes
CUST-2026-10810,Female,1,Yes,No,67,No,No internet service,No internet service,Month-to-month,No,Mailed check,20.74,1394.02,Yes
CUST-2026-10811,Female,0,No,Yes,33,DSL,No,No,Month-to-month,Yes,Credit card (automatic),47.93,1582.55,Yes
CUST-2026-10812,Female,0,Yes,No,53,Fiber optic,No,No,Month-to-month,Yes,Mailed check,107.3,5693.52,Yes
CUST-2026-10813,Male,0,No,Yes,45,DSL,Yes,No,Month-to-month,No,Mailed check,60.97,2751.77,Yes
CUST-2026-10814,Male,1,No,No,35,DSL,No,Yes,Month-to-month,No,Electronic check,49.42,1730.38,No
CUST-2026-10815,Female,1,No,No,38,DSL,No,No,Month-to-month,Yes,Credit card (automatic),72.34,2743.8,No
CUST-2026-10816,Male,0,Yes,No,29,DSL,No,No,Month-to-month,Yes,Electronic check,69.49,2006.15,No
CUST-2026-10817,Male,1,Yes,No,46,No,No internet service,No internet service,One year,No,Electronic check,20.94,976.2,No
CUST-2026-10818,Female,0,No,No,16,Fiber optic,Yes,No,Month-to-month,No,Electronic check,89.66,1459.8,No
CUST-2026-10819,Female,0,Yes,Yes,39,DSL,Yes,No,Two year,No,Mailed check,72.07,2808.44,No
CUST-2026-10820,Male,0,No,Yes,63,Fiber optic,No,Yes,One year,Yes,Electronic check,70.24,4448.26,No
CUST-2026-10821,Male,0,No,No,55,DSL,No,No,Two year,No,Electronic check,53.31,2927.37,No
CUST-2026-10822,Male,0,Yes,No,20,DSL,Yes,Yes,One year,Yes,Credit card (automatic),62.98,1270.87,Yes
CUST-2026-10823,Male,0,Yes,No,27,DSL,Yes,No,Month-to-month,Yes,Bank transfer (automatic),72.22,1949.85,No
CUST-2026-10824,Female,0,Yes,No,60,Fiber optic,No,Yes,Month-to-month,Yes,Credit card (automatic),85.36,5121.38,No
CUST-2026-10825,Female,0,No,No,72,Fiber optic,No,No,Month-to-month,Yes,Electronic check,84.5,6084.56,No
CUST-2026-10826,Female,0,No,Yes,25,DSL,No,No,Month-to-month,Yes,Bank transfer (automatic),44.94,1104.24,Yes
CUST-2026-10827,Female,0,No,No,58,Fiber optic,No,No,Month-to-month,Yes,Electronic check,108.28,6290.53,Yes
CUST-2026-10828,Male,0,Yes,No,72,DSL,Yes,Yes,One year,No,Bank transfer (automatic),44.35,3199.99,No
CUST-2026-10829,Male,0,No,No,63,DSL,No,No,One year,Yes,Credit card (automatic),49.39,3114.04,No
CUST-2026-10830,Female,0,No,No,19,Fiber optic,Yes,No,One year,Yes,Mailed check,96.16,1818.23,Yes
CUST-2026-10831,Male,0,No,No,69,Fiber optic,No,No,Two year,Yes,Mailed check,74.62,5138.03,No
CUST-2026-10832,Male,0,Yes,No,11,Fiber optic,No,No,Month-to-month,Yes,Electronic check,76.03,839.79,Yes
CUST-2026-10833,Female,0,No,No,55,DSL,No,Yes,Month-to-month,No,Mailed check,65.59,3602.07,No
CUST-2026-10834,Female,0,No,No,63,Fiber optic,No,Yes,Two year,No,Mailed check,109.04,6881.35,Yes
CUST-2026-10835,Female,0,No,No,47,Fiber optic,No,No,Month-to-month,No,Electronic check,84.28,3953.43,Yes
CUST-2026-10836,Male,0,Yes,No,58,Fiber optic,Yes,No,Two year,Yes,Mailed check,91.27,5286.08,No
CUST-2026-10837,Female,0,Yes,No,34,Fiber optic,Yes,No,One year,Yes,Electronic check,79.56,2702.9,No
CUST-2026-10838,Female,0,No,No,25,DSL,No,No,Month-to-month,Yes,Bank transfer (automatic),41.17,1031.16,No
CUST-2026-10839,Male,0,No,No,1,DSL,No,Yes,Month-to-month,Yes,Electronic check,62.08,56.74,Yes
CUST-2026-10840,Male,0,Yes,Yes,51,Fiber optic,No,Yes,Month-to-month,Yes,Electronic check,94.97,4840.88,No
CUST-2026-10841,Male,0,Yes,No,46,No,No internet service,No internet service,Month-to-month,No,Electronic check,19.22,892.03,Yes
CUST-2026-10842,Female,0,No,Yes,28,Fiber optic,Yes,No,Month-to-month,Yes,Electronic check,71.79,2006.79,Yes
CUST-2026-10843,Female,0,Yes,No,68,Fiber optic,Yes,No,Month-to-month,No,Electronic check,73.32,4973.45,Yes
CUST-2026-10844,Male,0,Yes,No,6,Fiber optic,No,No,Month-to-month,Yes,Mailed check,77.89,480.43,Yes
CUST-2026-10845,Female,0,No,Yes,9,Fiber optic,Yes,No,Month-to-month,Yes,Bank transfer (automatic),101.76,897.93,Yes
CUST-2026-10846,Male,0,Yes,No,28,No,No internet service,No internet service,Month-to-month,Yes,Electronic check,24.31,672.81,No
CUST-2026-10847,Male,0,Yes,Yes,40,No,No internet service,No internet service,Two year,Yes,Mailed check,21.71,871.34,No
CUST-2026-10848,Female,0,No,Yes,30,No,No internet service,No internet service,Month-to-month,No,Bank transfer (automatic),19.86,609.15,No
CUST-2026-10849,Male,0,No,No,6,DSL,Yes,No,Month-to-month,Yes,Electronic check,72.95,457.89,Yes
CUST-2026-10850,Male,0,No,Yes,15,Fiber optic,No,No,Month-to-month,No,Electronic check,104.19,1559.91,Yes
CUST-2026-10851,Male,0,No,No,41,DSL,No,Yes,One year,No,Bank transfer (automatic),61.49,2524.53,No
CUST-2026-10852,Female,0,No,No,50,DSL,No,Yes,Two year,Yes,Mailed check,70.39,3515.43,Yes
CUST-2026-10853,Female,0,Yes,No,35,Fiber optic,No,No,One year,No,Credit card (automatic),74.55,2615.24,Yes
CUST-2026-10854,Male,0,No,No,47,No,No internet service,No internet service,Month-to-month,No,Mailed check,19.46,912.39,Yes
CUST-2026-10855,Male,0,No,No,12,DSL,No,No,Month-to-month,No,Bank transfer (automatic),65.27,787.18,Yes
CUST-2026-10856,Male,0,Yes,No,45,Fiber optic,Yes,No,Month-to-month,Yes,Mailed check,87.63,3941.59,Yes
CUST-2026-10857,Male,0,No,No,26,Fiber optic,No,No,One year,No,Mailed check,91.96,2395.59,Yes
CUST-2026-10858,Male,0,No,No,41,Fiber optic,No,Yes,Month-to-month,Yes,Bank transfer (automatic),115.01,4703.41,Yes
CUST-2026-10859,Male,0,Yes,Yes,71,Fiber optic,No,Yes,Month-to-month,Yes,Electronic check,73.37,5200.22,Yes
CUST-2026-10860,Male,0,No,No,36,DSL,No,No,Month-to-month,No,Electronic check,66.76,2413.58,Yes
CUST-2026-10861,Female,1,No,No,62,No,No internet service,No internet service,Two year,Yes,Mailed check,21.78,1357.68,No
CUST-2026-10862,Male,0,Yes,No,4,DSL,Yes,No,Month-to-month,Yes,Bank transfer (automatic),69.76,253.69,No
CUST-2026-10863,Female,1,No,Yes,62,No,No internet service,No internet service,Two year,No,Credit card (automatic),23.65,1459.3,No
CUST-2026-10864,Female,0,No,No,62,Fiber optic,Yes,No,Month-to-month,Yes,Bank transfer (automatic),114.99,7100.2,Yes
CUST-2026-10865,Male,0,No,Yes,29,No,No internet service,No internet service,Two year,Yes,Credit card (automatic),19.35,560.86,No
CUST-2026-10866,Female,0,No,No,19,DSL,No,No,Month-to-month,No,Bank transfer (automatic),65.72,1253.01,Yes
CUST-2026-10867,Male,0,No,Yes,58,DSL,Yes,Yes,One year,No,Electronic check,46.24,2683.25,No
CUST-2026-10868,Female,0,Yes,No,2,Fiber optic,No,No,Month-to-month,Yes,Credit card (automatic),86.55,189.32,Yes
CUST-2026-10869,Male,0,Yes,No,38,Fiber optic,No,No,Month-to-month,No,Credit card (automatic),111.61,4234.76,Yes
CUST-2026-10870,Male,0,Yes,Yes,27,Fiber optic,Yes,No,Month-to-month,Yes,Mailed check,111.96,3031.45,Yes
CUST-2026-10871,Male,0,Yes,Yes,26,DSL,No,No,Month-to-month,Yes,Mailed check,72.21,1869.54,Yes
CUST-2026-10872,Female,1,Yes,No,29,No,No internet service,No internet service,One year,No,Electronic check,23.01,671.73,No
CUST-2026-10873,Female,1,Yes,No,67,DSL,Yes,No,One year,Yes,Bank transfer (automatic),56.62,3778.13,No
CUST-2026-10874,Male,0,Yes,No,21,DSL,No,Yes,Two year,Yes,Electronic check,41.54,865.54,No
CUST-2026-10875,Male,0,Yes,No,45,No,No internet service,No internet service,Month-to-month,No,Bank transfer (automatic),21.32,953.17,No
CUST-2026-10876,Female,0,No,No,24,No,No internet service,No internet service,Month-to-month,Yes,Mailed check,20.07,478.7,No
CUST-2026-10877,Female,1,Yes,No,41,DSL,No,No,One year,Yes,Electronic check,53.93,2194.58,No
CUST-2026-10878,Female,1,Yes,No,66,No,No internet service,No internet service,Month-to-month,No,Electronic check,22.18,1461.06,Yes
CUST-2026-10879,Female,0,Yes,Yes,34,Fiber optic,Yes,No,Month-to-month,No,Credit card (automatic),103.58,3530.65,No
CUST-2026-10880,Male,0,No,No,45,DSL,Yes,No,Month-to-month,No,Bank transfer (automatic),48.19,2181.5,No
CUST-2026-10881,Male,0,No,No,68,Fiber optic,Yes,No,Month-to-month,No,Electronic check,87.2,5926.41,Yes
CUST-2026-10882,Male,0,No,No,19,No,No internet service,No internet service,One year,Yes,Mailed check,21.54,420.77,Yes
CUST-2026-10883,Female,0,No,No,10,No,No internet service,No internet service,Month-to-month,Yes,Mailed check,20.74,199.53,Yes
CUST-2026-10884,Female,0,Yes,No,65,Fiber optic,No,No,Month-to-month,Yes,Credit card (automatic),86.98,5644.35,Yes
CUST-2026-10885,Male,1,Yes,No,27,DSL,Yes,Yes,One year,No,Electronic check,71.54,1909.29,Yes
CUST-2026-10886,Male,0,Yes,No,38,DSL,No,No,Month-to-month,No,Bank transfer (automatic),49.05,1854.02,Yes
CUST-2026-10887,Male,0,Yes,Yes,40,DSL,No,No,One year,No,Bank transfer (automatic),61.48,2462.66,No
CUST-2026-10888,Male,0,No,Yes,50,DSL,Yes,No,Month-to-month,No,Credit card (automatic),57.41,2863.86,No
CUST-2026-10889,Female,0,No,Yes,24,DSL,No,No,Month-to-month,Yes,Bank transfer (automatic),58.85,1399.09,Yes
CUST-2026-10890,Female,0,Yes,No,4,No,No internet service,No internet service,Month-to-month,No,Mailed check,24.92,111.02,Yes
CUST-2026-10891,Male,1,No,Yes,28,Fiber optic,No,No,Two year,Yes,Mailed check,112.19,3161.73,No
CUST-2026-10892,Male,0,No,No,24,No,No internet service,No internet service,Two year,No,Electronic check,24.06,565.7,No
CUST-2026-10893,Female,0,No,Yes,70,Fiber optic,Yes,Yes,Month-to-month,No,Credit card (automatic),109.93,7711.58,No
CUST-2026-10894,Female,1,Yes,No,41,No,No internet service,No internet service,Two year,No,Electronic check,21.36,874.41,No
CUST-2026-10895,Female,1,No,No,67,No,No internet service,No internet service,Month-to-month,Yes,Electronic check,22.38,1506.71,No
CUST-2026-10896,Female,0,Yes,No,55,Fiber optic,Yes,Yes,Month-to-month,Yes,Credit card (automatic),71.12,3896.84,No
CUST-2026-10897,Female,0,No,No,28,Fiber optic,No,No,Month-to-month,Yes,Electronic check,111.27,3098.48,Yes
CUST-2026-10898,Female,0,No,Yes,43,Fiber optic,Yes,No,Month-to-month,Yes,Bank transfer (automatic),78.86,3398.51,No
CUST-2026-10899,Female,0,Yes,No,24,No,No internet service,No internet service,Two year,Yes,Credit card (automatic),24.08,584.41,No
CUST-2026-10900,Female,0,No,No,27,Fiber optic,No,No,Month-to-month,No,Bank transfer (automatic),108.29,2934.67,Yes
CUST-2026-10901,Male,0,No,No,9,DSL,No,No,Month-to-month,No,Mailed check,51.5,460.5,Yes
CUST-2026-10902,Male,0,Yes,Yes,30,DSL,No,Yes,One year,Yes,Bank transfer (automatic),49.84,1492.54,No
CUST-2026-10903,Male,0,No,No,29,Fiber optic,No,Yes,Month-to-month,No,Mailed check,83.69,2403.05,Yes
CUST-2026-10904,Male,0,No,No,21,DSL,No,No,Month-to-month,No,Mailed check,74.69,1581.62,No
CUST-2026-10905,Female,0,Yes,Yes,10,DSL,Yes,No,Month-to-month,No,Bank transfer (automatic),67.74,685.34,No
CUST-2026-10906,Male,0,Yes,No,35,Fiber optic,No,Yes,One year,No,Credit card (automatic),72.02,2519.12,Yes
CUST-2026-10907,Female,0,No,No,5,Fiber optic,No,No,One year,Yes,Bank transfer (automatic),80.78,414.88,Yes
CUST-2026-10908,Male,1,No,No,66,Fiber optic,Yes,No,One year,Yes,Electronic check,77.93,5129.75,Yes
CUST-2026-10909,Female,0,Yes,No,27,Fiber optic,No,No,Two year,Yes,Mailed check,93.91,2534.2,Yes
CUST-2026-10910,Female,0,No,No,11,Fiber optic,No,Yes,Month-to-month,No,Mailed check,114.01,1268.1,Yes
CUST-2026-10911,Female,1,No,Yes,62,DSL,No,Yes,One year,Yes,Credit card (automatic),58.76,3645.69,Yes
CUST-2026-10912,Male,0,Yes,Yes,69,DSL,No,No,One year,Yes,Electronic check,60.15,4151.54,No
CUST-2026-10913,Female,0,Yes,No,20,Fiber optic,No,Yes,Month-to-month,Yes,Bank transfer (automatic),100.81,2006.26,Yes
CUST-2026-10914,Male,0,Yes,No,66,Fiber optic,No,Yes,Month-to-month,Yes,Credit card (automatic),86.45,5713.55,No
CUST-2026-10915,Female,0,Yes,No,25,No,No internet service,No internet service,Month-to-month,Yes,Electronic check,19.82,494.85,Yes
CUST-2026-10916,Female,0,No,No,47,No,No internet service,No internet service,Two year,Yes,Credit card (automatic),20.45,979.7,No
CUST-2026-10917,Male,0,No,No,66,Fiber optic,No,Yes,Month-to-month,Yes,Credit card (automatic),80.62,5328.68,No
CUST-2026-10918,Female,0,Yes,No,33,Fiber optic,No,No,One year,Yes,Electronic check,92.35,3055.81,Yes
CUST-2026-10919,Female,0,No,No,44,DSL,Yes,Yes,Month-to-month,Yes,Bank transfer (automatic),43.59,1918.25,Yes
CUST-2026-10920,Male,1,Yes,No,25,Fiber optic,No,Yes,Month-to-month,No,Bank transfer (automatic),77.14,1921.57,Yes
CUST-2026-10921,Female,0,No,No,72,Fiber optic,No,No,Month-to-month,Yes,Credit card (automatic),93.29,6727.17,Yes
CUST-2026-10922,Female,0,Yes,Yes,63,DSL,No,No,One year,No,Mailed check,42.31,2672.23,No
CUST-2026-10923,Male,0,No,No,55,DSL,Yes,Yes,One year,Yes,Electronic check,71.55,3949.25,No
CUST-2026-10924,Female,1,No,Yes,42,Fiber optic,No,Yes,Month-to-month,Yes,Bank transfer (automatic),117.7,4954.28,Yes
CUST-2026-10925,Female,0,No,No,6,No,No internet service,No internet service,Month-to-month,No,Mailed check,23.55,127.31,Yes
CUST-2026-10926,Male,0,Yes,No,72,Fiber optic,Yes,No,Month-to-month,Yes,Credit card (automatic),109.56,7895.25,Yes
CUST-2026-10927,Female,0,No,No,54,Fiber optic,No,No,One year,Yes,Bank transfer (automatic),72.41,3916.79,No
CUST-2026-10928,Female,1,No,No,48,DSL,No,No,Month-to-month,Yes,Electronic check,43.42,2082.45,No
CUST-2026-10929,Male,0,No,Yes,15,Fiber optic,No,No,Month-to-month,Yes,Credit card (automatic),113.79,1707.56,Yes
CUST-2026-10930,Male,1,No,No,33,DSL,No,No,One year,Yes,Electronic check,64.21,2132.71,No
CUST-2026-10931,Female,0,No,No,31,Fiber optic,No,No,Two year,No,Bank transfer (automatic),95.48,2960.45,No
CUST-2026-10932,Male,0,No,Yes,18,Fiber optic,Yes,No,Month-to-month,Yes,Bank transfer (automatic),112.81,2028.13,No
CUST-2026-10933,Female,0,No,No,65,DSL,No,Yes,One year,Yes,Bank transfer (automatic),55.01,3580.01,Yes
CUST-2026-10934,Male,0,Yes,Yes,66,DSL,Yes,No,One year,Yes,Electronic check,59.15,3896.6,Yes
CUST-2026-10935,Female,0,Yes,No,44,DSL,No,No,Month-to-month,Yes,Mailed check,63.18,2772.35,No
CUST-2026-10936,Male,0,Yes,No,50,Fiber optic,No,No,One year,Yes,Electronic check,78.5,3926.29,Yes
CUST-2026-10937,Male,0,Yes,No,72,No,No internet service,No internet service,One year,Yes,Credit card (automatic),23.08,1665.42,No
CUST-2026-10938,Female,0,No,No,7,Fiber optic,No,No,Month-to-month,Yes,Mailed check,76.07,533.83,Yes
CUST-2026-10939,Male,0,Yes,No,31,Fiber optic,No,No,One year,Yes,Mailed check,106.96,3329.79,No
CUST-2026-10940,Female,0,No,No,10,Fiber optic,No,Yes,One year,No,Credit card (automatic),103.18,1013.31,No
CUST-2026-10941,Male,0,Yes,Yes,50,No,No internet service,No internet service,Two year,No,Bank transfer (automatic),23.03,1152.75,No
CUST-2026-10942,Male,1,No,No,12,DSL,No,No,One year,Yes,Electronic check,48.35,568.03,No
CUST-2026-10943,Female,0,Yes,No,46,DSL,Yes,No,Month-to-month,No,Mailed check,68.6,3153.73,No
CUST-2026-10944,Female,0,No,No,71,Fiber optic,No,No,One year,No,Credit card (automatic),101.68,7229.3,Yes
CUST-2026-10945,Male,0,Yes,Yes,42,Fiber optic,Yes,No,Month-to-month,Yes,Electronic check,88.27,3700.64,Yes
CUST-2026-10946,Male,0,No,No,71,Fiber optic,Yes,No,Month-to-month,Yes,Electronic check,84.42,5990.5,Yes
CUST-2026-10947,Female,0,Yes,No,66,No,No internet service,No internet service,One year,Yes,Electronic check,24.59,1642.05,No
CUST-2026-10948,Female,0,Yes,Yes,56,Fiber optic,Yes,No,Month-to-month,No,Electronic check,105.1,5870.36,Yes
CUST-2026-10949,Female,0,No,Yes,13,DSL,Yes,Yes,One year,No,Electronic check,63.1,830.99,No
CUST-2026-10950,Female,0,Yes,No,37,DSL,Yes,No,Two year,No,Electronic check,43.04,1590.63,No
CUST-2026-10951,Female,0,No,No,67,Fiber optic,Yes,No,Two year,No,Credit card (automatic),87.24,5824.27,Yes
CUST-2026-10952,Female,0,No,No,22,No,No internet service,No internet service,One year,Yes,Bank transfer (automatic),21.31,451.1,No
CUST-2026-10953,Male,0,Yes,No,66,Fiber optic,No,Yes,One year,No,Mailed check,83.52,5504.69,No
CUST-2026-10954,Female,0,Yes,Yes,28,Fiber optic,No,No,Month-to-month,Yes,Mailed check,103.84,2914.91,Yes
CUST-2026-10955,Male,0,No,No,21,Fiber optic,No,No,Month-to-month,No,Electronic check,105.6,2221.03,Yes
CUST-2026-10956,Male,0,No,No,33,DSL,Yes,No,Two year,No,Mailed check,45.23,1506.14,No
CUST-2026-10957,Male,0,No,Yes,21,DSL,No,Yes,Two year,Yes,Electronic check,56.38,1190.78,No
CUST-2026-10958,Female,1,Yes,Yes,11,No,No internet service,No internet service,Month-to-month,Yes,Credit card (automatic),18.12,192.13,Yes
CUST-2026-10959,Male,1,Yes,Yes,3,Fiber optic,No,No,Two year,Yes,Mailed check,89.22,250.99,Yes
CUST-2026-10960,Male,0,No,Yes,20,DSL,No,No,Two year,Yes,Electronic check,44.94,886.67,Yes
CUST-2026-10961,Male,0,Yes,Yes,9,Fiber optic,Yes,Yes,Month-to-month,No,Credit card (automatic),107.54,974.23,Yes
CUST-2026-10962,Male,0,No,No,11,Fiber optic,Yes,No,Two year,Yes,Electronic check,78.38,860.97,No
CUST-2026-10963,Female,0,No,Yes,17,Fiber optic,No,No,Month-to-month,No,Electronic check,99.35,1682.75,Yes
CUST-2026-10964,Female,0,Yes,Yes,45,Fiber optic,Yes,Yes,One year,No,Electronic check,106.78,4815.04,Yes
CUST-2026-10965,Male,0,No,No,65,No,No internet service,No internet service,Two year,Yes,Mailed check,22.8,1467.05,No
CUST-2026-10966,Male,1,Yes,Yes,23,DSL,No,No,Month-to-month,No,Credit card (automatic),72.97,1674.95,Yes
CUST-2026-10967,Male,0,Yes,No,60,No,No internet service,No internet service,Month-to-month,Yes,Electronic check,20.99,1257.19,Yes
CUST-2026-10968,Female,0,No,No,56,Fiber optic,No,No,Month-to-month,No,Credit card (automatic),114.37,6404.69,Yes
CUST-2026-10969,Female,1,No,No,20,DSL,Yes,No,Month-to-month,No,Electronic check,65.62,1299.68,Yes
CUST-2026-10970,Female,0,Yes,Yes,6,Fiber optic,No,No,Two year,Yes,Mailed check,85.87,507.5,No
CUST-2026-10971,Male,0,No,No,61,No,No internet service,No internet service,Two year,Yes,Mailed check,20.25,1231.37,No
CUST-2026-10972,Female,0,No,No,63,DSL,No,Yes,Month-to-month,No,Bank transfer (automatic),49.01,3103.19,Yes
CUST-2026-10973,Male,1,Yes,No,65,Fiber optic,Yes,No,Month-to-month,Yes,Mailed check,104.72,6807.16,Yes
CUST-2026-10974,Female,0,Yes,No,24,DSL,No,No,Month-to-month,No,Electronic check,63.77,1525.31,Yes
CUST-2026-10975,Male,0,Yes,Yes,33,Fiber optic,No,No,Month-to-month,Yes,Electronic check,116.56,3821.33,Yes
CUST-2026-10976,Female,0,Yes,No,56,DSL,No,No,Month-to-month,No,Bank transfer (automatic),41.27,2297.75,Yes
CUST-2026-10977,Male,1,Yes,Yes,30,DSL,No,No,One year,No,Credit card (automatic),43.34,1295.33,No
CUST-2026-10978,Male,0,Yes,No,16,Fiber optic,Yes,No,One year,No,Electronic check,96.08,1546.28,Yes
CUST-2026-10979,Male,0,No,No,72,DSL,No,No,Month-to-month,No,Electronic check,66.53,4797.19,Yes
CUST-2026-10980,Female,0,No,Yes,29,DSL,No,Yes,Month-to-month,No,Mailed check,71.33,2062.19,No
CUST-2026-10981,Male,0,Yes,No,51,Fiber optic,Yes,Yes,Month-to-month,No,Credit card (automatic),107.34,5470.77,Yes
CUST-2026-10982,Female,0,No,No,72,Fiber optic,No,No,One year,Yes,Electronic check,93.55,6750.0,Yes
CUST-2026-10983,Male,0,Yes,No,32,DSL,Yes,Yes,Month-to-month,No,Mailed check,65.65,2114.03,Yes
CUST-2026-10984,Female,0,No,No,53,No,No internet service,No internet service,Month-to-month,Yes,Electronic check,20.22,1072.69,No
CUST-2026-10985,Female,0,Yes,No,70,Fiber optic,No,No,Month-to-month,No,Credit card (automatic),102.03,7142.1,No
CUST-2026-10986,Male,0,Yes,No,7,Fiber optic,No,No,Month-to-month,Yes,Credit card (automatic),90.6,628.26,Yes
CUST-2026-10987,Male,1,Yes,No,72,Fiber optic,Yes,No,Month-to-month,Yes,Credit card (automatic),77.12,5552.0,Yes
CUST-2026-10988,Male,1,No,No,14,No,No internet service,No internet service,Two year,Yes,Bank transfer (automatic),21.87,306.41,No
CUST-2026-10989,Female,0,Yes,No,41,DSL,No,No,Two year,Yes,Bank transfer (automatic),61.73,2528.1,No
CUST-2026-10990,Male,0,Yes,No,41,DSL,Yes,No,Month-to-month,Yes,Electronic check,45.11,1867.77,Yes
CUST-2026-10991,Female,0,No,No,27,Fiber optic,No,No,Two year,No,Mailed check,112.13,3027.2,Yes
CUST-2026-10992,Female,0,Yes,Yes,10,Fiber optic,No,No,One year,Yes,Credit card (automatic),77.01,765.63,No
CUST-2026-10993,Male,0,Yes,No,49,Fiber optic,Yes,No,Two year,Yes,Electronic check,108.29,5302.65,Yes
CUST-2026-10994,Male,0,No,No,1,No,No internet service,No internet service,Month-to-month,No,Mailed check,23.79,18.0,Yes
CUST-2026-10995,Male,0,No,No,36,No,No internet service,No internet service,Two year,Yes,Bank transfer (automatic),23.34,838.41,No
CUST-2026-10996,Female,1,No,No,18,Fiber optic,No,No,Month-to-month,Yes,Mailed check,109.48,1978.64,Yes
CUST-2026-10997,Male,0,Yes,No,34,No,No internet service,No internet service,Month-to-month,No,Electronic check,23.75,791.58,No
CUST-2026-10998,Male,0,No,No,71,Fiber optic,No,No,Month-to-month,Yes,Electronic check,70.7,5008.45,Yes
CUST-2026-10999,Female,0,No,No,9,Fiber optic,No,Yes,Month-to-month,Yes,Electronic check,111.23,994.29,Yes
CUST-2026-11000,Male,0,No,Yes,7,Fiber optic,No,No,Month-to-month,Yes,Electronic check,95.59,672.74,Yes
CUST-2026-11001,Male,0,Yes,No,42,DSL,No,No,Month-to-month,Yes,Mailed check,67.78,2864.29,No
CUST-2026-11002,Male,0,Yes,Yes,14,Fiber optic,No,No,Month-to-month,Yes,Mailed check,110.03,1549.38,Yes
CUST-2026-11003,Female,0,Yes,No,42,Fiber optic,No,No,One year,Yes,Mailed check,86.15,3622.84,Yes
CUST-2026-11004,Female,0,Yes,Yes,46,DSL,No,No,Month-to-month,Yes,Electronic check,66.47,3056.4,Yes
CUST-2026-11005,Female,0,No,Yes,67,Fiber optic,Yes,No,Month-to-month,Yes,Electronic check,111.87,7499.26,Yes
CUST-2026-11006,Female,0,No,Yes,36,DSL,No,No,Month-to-month,Yes,Mailed check,44.4,1586.57,No
CUST-2026-11007,Female,0,No,No,23,Fiber optic,Yes,No,Month-to-month,No,Electronic check,111.76,2578.94,Yes
CUST-2026-11008,Female,0,Yes,No,24,Fiber optic,No,No,Month-to-month,No,Mailed check,89.53,2155.34,Yes
CUST-2026-11009,Male,0,Yes,Yes,34,Fiber optic,No,No,Two year,Yes,Electronic check,98.68,3338.42,Yes
CUST-2026-11010,Male,0,Yes,No,60,DSL,No,No,Month-to-month,No,Mailed check,64.58,3866.61,Yes
CUST-2026-11011,Female,0,Yes,Yes,65,DSL,No,No,Month-to-month,No,Credit card (automatic),55.21,3578.01,No
CUST-2026-11012,Male,0,Yes,No,16,Fiber optic,No,No,Month-to-month,Yes,Mailed check,104.98,1695.47,Yes
CUST-2026-11013,Male,0,No,No,13,Fiber optic,No,No,One year,No,Electronic check,81.5,1042.75,Yes
CUST-2026-11014,Female,0,No,No,61,No,No internet service,No internet service,Month-to-month,No,Mailed check,19.67,1179.08,No
CUST-2026-11015,Male,0,No,No,26,Fiber optic,No,No,One year,No,Credit card (automatic),93.92,2434.56,Yes
CUST-2026-11016,Male,0,Yes,No,6,Fiber optic,No,No,Month-to-month,No,Bank transfer (automatic),76.04,454.19,Yes
CUST-2026-11017,Male,0,No,No,50,No,No internet service,No internet service,Month-to-month,Yes,Electronic check,19.27,974.92,Yes
CUST-2026-11018,Male,0,Yes,No,21,Fiber optic,Yes,Yes,Month-to-month,Yes,Electronic check,74.35,1561.14,No
CUST-2026-11019,Female,0,Yes,No,19,Fiber optic,No,No,Month-to-month,Yes,Bank transfer (automatic),113.41,2132.92,No
CUST-2026-11020,Female,1,No,No,8,No,No internet service,No internet service,Month-to-month,Yes,Credit card (automatic),18.99,168.43,Yes
CUST-2026-11021,Male,0,No,Yes,31,Fiber optic,No,No,One year,Yes,Mailed check,89.36,2758.1,No
CUST-2026-11022,Female,0,Yes,No,37,Fiber optic,No,No,Two year,Yes,Mailed check,114.95,4250.82,Yes
CUST-2026-11023,Male,0,No,Yes,37,No,No internet service,No internet service,Month-to-month,Yes,Electronic check,18.85,694.15,Yes
CUST-2026-11024,Female,0,Yes,No,3,Fiber optic,Yes,No,Month-to-month,No,Bank transfer (automatic),75.79,228.61,Yes
CUST-2026-11025,Female,0,Yes,No,27,Fiber optic,No,No,Month-to-month,Yes,Bank transfer (automatic),89.21,2406.48,Yes
CUST-2026-11026,Male,1,Yes,No,48,DSL,No,No,Month-to-month,Yes,Bank transfer (automatic),74.01,3590.66,Yes
CUST-2026-11027,Male,0,No,No,7,Fiber optic,Yes,No,Month-to-month,No,Electronic check,115.41,805.74,No
CUST-2026-11028,Male,0,No,No,55,No,No internet service,No internet service,Month-to-month,No,Bank transfer (automatic),23.38,1284.98,Yes
CUST-2026-11029,Male,0,No,No,50,DSL,No,No,Month-to-month,No,Mailed check,51.84,2597.46,No
CUST-2026-11030,Male,0,No,No,53,DSL,Yes,Yes,Two year,Yes,Bank transfer (automatic),48.68,2601.45,No
CUST-2026-11031,Male,0,Yes,Yes,31,Fiber optic,No,No,Month-to-month,Yes,Mailed check,93.99,2907.49,Yes
CUST-2026-11032,Female,0,No,No,57,DSL,Yes,No,Month-to-month,Yes,Mailed check,46.05,2632.41,No
CUST-2026-11033,Female,0,No,No,72,DSL,No,Yes,Month-to-month,Yes,Bank transfer (automatic),49.68,3589.23,Yes
CUST-2026-11034,Female,0,No,Yes,60,Fiber optic,No,No,Month-to-month,No,Credit card (automatic),86.19,5166.15,Yes
CUST-2026-11035,Male,0,Yes,No,7,DSL,No,No,Two year,Yes,Electronic check,58.61,405.64,Yes
CUST-2026-11036,Female,0,Yes,No,35,No,No internet service,No internet service,Month-to-month,Yes,Credit card (automatic),19.55,676.81,No
CUST-2026-11037,Female,0,No,Yes,39,DSL,No,No,Month-to-month,Yes,Electronic check,74.16,2908.31,Yes
CUST-2026-11038,Female,0,No,No,60,No,No internet service,No internet service,One year,Yes,Mailed check,19.3,1157.78,No
CUST-2026-11039,Male,1,Yes,Yes,51,Fiber optic,No,Yes,Month-to-month,No,Electronic check,79.22,4048.98,Yes
CUST-2026-11040,Male,0,No,Yes,46,Fiber optic,No,Yes,One year,No,Electronic check,113.38,5206.8,Yes
CUST-2026-11041,Male,0,No,Yes,3,No,No internet service,No internet service,Month-to-month,No,Electronic check,21.75,64.2,No
CUST-2026-11042,Female,0,Yes,No,65,Fiber optic,No,No,Month-to-month,No,Credit card (automatic),96.16,6241.23,Yes
CUST-2026-11043,Female,0,No,No,69,Fiber optic,No,No,One year,Yes,Electronic check,101.79,7025.68,Yes
CUST-2026-11044,Female,0,No,Yes,68,Fiber optic,No,No,Month-to-month,Yes,Electronic check,116.43,7924.31,Yes
CUST-2026-11045,Female,0,Yes,No,11,Fiber optic,Yes,Yes,Month-to-month,Yes,Mailed check,99.28,1099.18,Yes
CUST-2026-11046,Female,0,Yes,Yes,31,Fiber optic,No,No,Month-to-month,No,Credit card (automatic),112.46,3478.78,Yes
CUST-2026-11047,Female,0,No,Yes,18,No,No internet service,No internet service,Month-to-month,Yes,Mailed check,23.69,424.75,Yes
CUST-2026-11048,Male,0,Yes,No,71,No,No internet service,No internet service,Two year,No,Electronic check,19.87,1414.05,No
CUST-2026-11049,Female,0,Yes,No,23,DSL,Yes,No,Month-to-month,No,Credit card (automatic),62.6,1444.5,Yes
CUST-2026-11050,Female,0,No,No,49,Fiber optic,No,No,One year,Yes,Credit card (automatic),113.1,5539.58,No
CUST-2026-11051,Male,0,Yes,No,60,DSL,Yes,Yes,One year,Yes,Mailed check,57.01,3409.35,No
CUST-2026-11052,Female,0,Yes,No,28,Fiber optic,No,No,One year,Yes,Electronic check,95.3,2658.79,Yes
CUST-2026-11053,Female,0,No,No,1,DSL,No,No,Two year,Yes,Bank transfer (automatic),42.08,64.1,Yes
CUST-2026-11054,Female,0,No,No,31,DSL,No,No,Two year,Yes,Bank transfer (automatic),60.27,1850.26,No
CUST-2026-11055,Male,0,No,Yes,27,DSL,No,No,Month-to-month,No,Bank transfer (automatic),53.08,1445.51,No
CUST-2026-11056,Female,1,Yes,No,27,Fiber optic,Yes,Yes,One year,No,Bank transfer (automatic),79.91,2168.6,No
CUST-2026-11057,Female,0,Yes,No,56,Fiber optic,No,No,One year,No,Electronic check,81.82,4569.77,Yes
CUST-2026-11058,Male,1,Yes,No,44,DSL,No,No,Month-to-month,Yes,Electronic check,42.74,1886.47,Yes
CUST-2026-11059,Female,0,Yes,No,14,DSL,No,No,Month-to-month,No,Mailed check,46.04,634.36,Yes
CUST-2026-11060,Male,0,No,No,71,Fiber optic,No,No,One year,Yes,Bank transfer (automatic),99.28,7052.2,Yes
CUST-2026-11061,Female,0,No,No,72,No,No internet service,No internet service,One year,Yes,Credit card (automatic),21.17,1536.92,No
CUST-2026-11062,Female,0,Yes,No,64,DSL,Yes,No,One year,Yes,Mailed check,42.01,2686.32,No
CUST-2026-11063,Female,0,Yes,No,69,Fiber optic,No,Yes,Month-to-month,No,Electronic check,105.2,7249.36,Yes
CUST-2026-11064,Male,0,Yes,No,66,No,No internet service,No internet service,One year,No,Electronic check,20.93,1371.61,No
CUST-2026-11065,Male,0,Yes,Yes,38,Fiber optic,No,Yes,Month-to-month,Yes,Electronic check,89.14,3375.36,Yes
CUST-2026-11066,Male,0,No,No,66,No,No internet service,No internet service,Month-to-month,Yes,Electronic check,18.72,1249.45,No
CUST-2026-11067,Female,0,No,No,26,No,No internet service,No internet service,Month-to-month,No,Bank transfer (automatic),20.43,529.03,No
CUST-2026-11068,Female,1,No,No,71,Fiber optic,Yes,No,Two year,No,Mailed check,90.44,6424.81,No
CUST-2026-11069,Female,0,Yes,No,52,No,No internet service,No internet service,One year,No,Credit card (automatic),22.29,1172.32,No
CUST-2026-11070,Female,0,Yes,No,62,DSL,Yes,No,Month-to-month,Yes,Mailed check,50.87,3153.66,Yes
CUST-2026-11071,Female,0,Yes,No,29,Fiber optic,No,No,One year,No,Bank transfer (automatic),102.14,2941.82,Yes
CUST-2026-11072,Female,0,No,No,15,No,No internet service,No internet service,Month-to-month,Yes,Mailed check,21.91,329.66,Yes
CUST-2026-11073,Male,0,No,Yes,22,No,No internet service,No internet service,Two year,No,Electronic check,19.5,432.65,No
CUST-2026-11074,Male,1,No,No,7,No,No internet service,No internet service,Month-to-month,Yes,Bank transfer (automatic),20.01,152.66,Yes
CUST-2026-11075,Male,0,Yes,No,48,Fiber optic,No,No,Month-to-month,Yes,Electronic check,73.64,3532.73,Yes
CUST-2026-11076,Female,0,Yes,No,33,DSL,No,No,One year,No,Bank transfer (automatic),52.17,1712.4,No
CUST-2026-11077,Female,0,Yes,No,17,DSL,No,Yes,One year,No,Bank transfer (automatic),72.83,1235.44,No
CUST-2026-11078,Female,0,No,No,28,No,No internet service,No internet service,One year,Yes,Bank transfer (automatic),22.89,641.42,No
CUST-2026-11079,Female,0,No,Yes,69,DSL,No,Yes,One year,Yes,Bank transfer (automatic),66.48,4583.26,No
CUST-2026-11080,Female,1,No,No,69,DSL,Yes,Yes,One year,Yes,Credit card (automatic),57.94,3989.59,No
CUST-2026-11081,Female,0,Yes,No,55,DSL,No,No,Two year,Yes,Electronic check,49.35,2715.9,No
CUST-2026-11082,Male,0,Yes,No,39,DSL,No,No,One year,No,Credit card (automatic),67.33,2628.85,No
CUST-2026-11083,Female,0,No,No,60,DSL,Yes,No,Month-to-month,Yes,Credit card (automatic),60.32,3611.93,Yes
CUST-2026-11084,Male,1,Yes,No,71,DSL,Yes,Yes,Month-to-month,Yes,Mailed check,50.26,3588.76,No
CUST-2026-11085,Female,0,Yes,No,24,Fiber optic,Yes,No,Two year,No,Credit card (automatic),90.57,2193.59,No
CUST-2026-11086,Female,0,No,Yes,60,Fiber optic,No,Yes,Month-to-month,No,Electronic check,92.92,5581.81,Yes
CUST-2026-11087,Male,0,No,Yes,35,DSL,Yes,No,Month-to-month,No,Bank transfer (automatic),44.42,1578.29,Yes
CUST-2026-11088,Male,0,No,Yes,41,No,No internet service,No internet service,Month-to-month,No,Electronic check,20.72,865.34,No
CUST-2026-11089,Male,0,Yes,No,63,Fiber optic,No,Yes,Month-to-month,Yes,Credit card (automatic),90.47,5696.02,No
CUST-2026-11090,Female,0,No,No,25,Fiber optic,Yes,No,Month-to-month,Yes,Bank transfer (automatic),83.79,2090.5,Yes
CUST-2026-11091,Male,0,No,Yes,31,DSL,Yes,No,Month-to-month,No,Bank transfer (automatic),57.43,1785.91,Yes
CUST-2026-11092,Female,1,No,Yes,49,DSL,No,No,Two year,No,Credit card (automatic),49.91,2439.81,No
CUST-2026-11093,Female,1,No,Yes,52,Fiber optic,Yes,No,Month-to-month,Yes,Bank transfer (automatic),84.8,4418.31,Yes
CUST-2026-11094,Male,0,No,Yes,28,No,No internet service,No internet service,Month-to-month,No,Electronic check,22.55,647.33,Yes
CUST-2026-11095,Female,0,No,No,21,DSL,No,Yes,One year,Yes,Mailed check,47.49,1020.17,Yes
CUST-2026-11096,Female,0,Yes,No,1,DSL,No,No,Month-to-month,No,Bank transfer (automatic),72.81,78.18,Yes
CUST-2026-11097,Female,0,No,No,48,Fiber optic,No,No,Month-to-month,No,Bank transfer (automatic),113.04,5416.29,Yes
CUST-2026-11098,Female,1,Yes,Yes,25,Fiber optic,No,No,Two year,Yes,Electronic check,95.17,2369.35,No
CUST-2026-11099,Female,0,Yes,No,26,DSL,Yes,No,One year,Yes,Electronic check,71.39,1867.28,Yes
CUST-2026-11100,Male,0,No,No,28,No,No internet service,No internet service,Month-to-month,Yes,Mailed check,24.92,690.65,No
CUST-2026-11101,Male,0,Yes,No,46,Fiber optic,Yes,No,Month-to-month,No,Credit card (automatic),89.16,4082.04,Yes
CUST-2026-11102,Male,0,No,No,14,DSL,No,No,Month-to-month,No,Credit card (automatic),63.21,889.77,No
CUST-2026-11103,Male,0,No,No,38,Fiber optic,No,No,One year,Yes,Electronic check,88.53,3372.51,No
CUST-2026-11104,Female,1,No,No,48,Fiber optic,Yes,No,One year,Yes,Bank transfer (automatic),117.31,5625.36,No
CUST-2026-11105,Male,0,Yes,No,50,Fiber optic,No,No,One year,No,Credit card (automatic),96.58,4836.57,No
CUST-2026-11106,Female,0,No,Yes,47,No,No internet service,No internet service,Month-to-month,No,Electronic check,24.81,1157.49,No
CUST-2026-11107,Male,0,Yes,No,14,DSL,Yes,No,Month-to-month,No,Credit card (automatic),56.29,785.33,Yes
CUST-2026-11108,Female,0,Yes,No,5,Fiber optic,No,No,Two year,No,Mailed check,115.72,578.79,No
CUST-2026-11109,Male,1,No,Yes,47,Fiber optic,No,No,Month-to-month,Yes,Electronic check,112.56,5277.73,Yes
CUST-2026-11110,Female,0,No,No,53,Fiber optic,No,Yes,Month-to-month,No,Credit card (automatic),91.86,4861.89,Yes
CUST-2026-11111,Female,1,No,No,8,DSL,No,Yes,Month-to-month,Yes,Mailed check,74.88,608.15,Yes
CUST-2026-11112,Female,0,Yes,No,58,No,No internet service,No internet service,Month-to-month,No,Electronic check,21.98,1262.16,No
CUST-2026-11113,Female,0,No,No,70,DSL,No,No,Month-to-month,Yes,Electronic check,64.27,4491.0,Yes
CUST-2026-11114,Female,0,Yes,No,35,Fiber optic,No,No,Month-to-month,No,Mailed check,72.66,2536.07,Yes
CUST-2026-11115,Male,0,Yes,No,49,Fiber optic,No,No,Month-to-month,Yes,Mailed check,111.18,5447.46,Yes
CUST-2026-11116,Male,0,No,No,65,DSL,No,Yes,Two year,Yes,Electronic check,49.35,3196.36,No
CUST-2026-11117,Female,1,Yes,No,20,Fiber optic,No,No,Two year,Yes,Electronic check,108.31,2158.47,Yes
CUST-2026-11118,Female,0,No,Yes,22,DSL,No,No,Month-to-month,No,Mailed check,64.98,1443.73,Yes
CUST-2026-11119,Female,0,Yes,No,12,Fiber optic,No,Yes,Month-to-month,Yes,Credit card (automatic),97.09,1170.56,Yes
CUST-2026-11120,Female,0,Yes,No,41,Fiber optic,No,No,Month-to-month,No,Mailed check,98.51,4042.99,Yes
CUST-2026-11121,Male,0,Yes,Yes,35,DSL,No,No,Month-to-month,Yes,Credit card (automatic),46.29,1601.93,No
CUST-2026-11122,Female,0,No,No,25,Fiber optic,Yes,No,One year,Yes,Bank transfer (automatic),99.26,2487.32,Yes
CUST-2026-11123,Male,1,Yes,No,6,Fiber optic,No,No,Two year,No,Credit card (automatic),76.43,451.4,No
CUST-2026-11124,Female,0,No,Yes,27,No,No internet service,No internet service,Month-to-month,Yes,Mailed check,21.53,590.0,Yes
CUST-2026-11125,Male,0,No,No,14,Fiber optic,Yes,Yes,Month-to-month,Yes,Electronic check,101.26,1412.64,Yes
CUST-2026-11126,Female,0,No,Yes,54,Fiber optic,No,No,Month-to-month,Yes,Electronic check,113.54,6140.23,No
CUST-2026-11127,Male,0,Yes,No,16,DSL,Yes,Yes,Month-to-month,Yes,Bank transfer (automatic),49.39,789.82,No
CUST-2026-11128,Female,0,Yes,Yes,64,No,No internet service,No internet service,Month-to-month,No,Electronic check,18.11,1155.77,No
CUST-2026-11129,Female,0,Yes,Yes,7,No,No internet service,No internet service,One year,Yes,Electronic check,24.34,165.17,No
CUST-2026-11130,Female,1,No,No,2,No,No internet service,No internet service,One year,Yes,Bank transfer (automatic),21.58,36.43,No
CUST-2026-11131,Female,0,No,No,35,No,No internet service,No internet service,One year,No,Bank transfer (automatic),19.31,680.69,No
CUST-2026-11132,Female,0,No,No,66,Fiber optic,No,No,Month-to-month,No,Bank transfer (automatic),102.04,6736.07,Yes
CUST-2026-11133,Female,0,No,No,42,Fiber optic,No,No,Month-to-month,Yes,Electronic check,98.83,4153.86,No
CUST-2026-11134,Female,0,Yes,No,2,Fiber optic,Yes,No,Month-to-month,Yes,Electronic check,75.32,162.98,No
CUST-2026-11135,Female,0,Yes,No,40,No,No internet service,No internet service,One year,Yes,Electronic check,21.93,881.56,No
CUST-2026-11136,Female,0,No,No,44,No,No internet service,No internet service,Month-to-month,Yes,Electronic check,18.57,822.58,Yes
CUST-2026-11137,Male,0,Yes,No,8,Fiber optic,Yes,Yes,One year,Yes,Bank transfer (automatic),94.47,740.61,Yes
CUST-2026-11138,Male,0,Yes,Yes,20,Fiber optic,No,No,Month-to-month,No,Bank transfer (automatic),102.82,2058.3,Yes
CUST-2026-11139,Female,0,No,Yes,3,Fiber optic,No,Yes,Two year,Yes,Electronic check,77.49,230.3,Yes
CUST-2026-11140,Female,0,No,No,60,Fiber optic,No,No,Two year,Yes,Credit card (automatic),101.02,6056.45,No
CUST-2026-11141,Male,1,No,No,59,Fiber optic,No,No,One year,Yes,Electronic check,102.51,6056.44,No
CUST-2026-11142,Male,0,Yes,No,32,Fiber optic,No,No,Month-to-month,Yes,Electronic check,89.9,2901.04,Yes
CUST-2026-11143,Male,0,Yes,No,30,DSL,Yes,No,Month-to-month,Yes,Mailed check,54.62,1628.28,No
CUST-2026-11144,Female,0,No,No,56,DSL,Yes,No,Month-to-month,No,Bank transfer (automatic),72.97,4092.23,Yes
CUST-2026-11145,Female,0,Yes,No,9,DSL,No,No,One year,Yes,Electronic check,59.19,519.8,No
CUST-2026-11146,Male,1,Yes,Yes,32,DSL,No,No,One year,Yes,Bank transfer (automatic),52.14,1684.88,No
CUST-2026-11147,Female,0,No,No,28,Fiber optic,No,No,Two year,Yes,Electronic check,79.82,2226.83,Yes
CUST-2026-11148,Female,0,Yes,No,10,Fiber optic,Yes,No,Month-to-month,Yes,Bank transfer (automatic),77.24,773.39,No
CUST-2026-11149,Male,0,Yes,No,41,Fiber optic,No,No,Month-to-month,No,Mailed check,107.0,4379.71,Yes
CUST-2026-11150,Female,0,Yes,No,54,Fiber optic,Yes,No,Month-to-month,Yes,Mailed check,92.44,5015.68,Yes
CUST-2026-11151,Female,0,Yes,No,65,DSL,No,No,One year,No,Bank transfer (automatic),52.41,3403.97,Yes
CUST-2026-11152,Male,0,Yes,Yes,2,DSL,No,Yes,Month-to-month,Yes,Credit card (automatic),47.63,89.47,No
CUST-2026-11153,Female,0,No,No,7,Fiber optic,No,No,Two year,No,Mailed check,106.58,770.29,Yes
CUST-2026-11154,Female,0,No,No,26,Fiber optic,No,No,Month-to-month,Yes,Bank transfer (automatic),76.91,1996.76,Yes
CUST-2026-11155,Male,0,No,No,35,Fiber optic,No,No,One year,Yes,Electronic check,95.77,3363.18,No
CUST-2026-11156,Male,1,Yes,No,36,DSL,No,No,Month-to-month,No,Electronic check,71.45,2585.33,Yes
CUST-2026-11157,Female,0,No,No,31,DSL,No,No,Month-to-month,No,Electronic check,46.16,1437.68,Yes
CUST-2026-11158,Female,0,Yes,No,69,Fiber optic,Yes,No,Two year,No,Electronic check,71.12,4888.92,No
CUST-2026-11159,Male,0,No,Yes,50,Fiber optic,No,Yes,Month-to-month,No,Electronic check,117.92,5906.66,Yes
CUST-2026-11160,Male,1,Yes,No,20,DSL,No,No,One year,Yes,Electronic check,62.86,1248.82,No
CUST-2026-11161,Male,0,No,Yes,40,DSL,No,Yes,Month-to-month,Yes,Mailed check,50.3,2028.91,Yes
CUST-2026-11162,Male,0,Yes,Yes,71,Fiber optic,No,No,Month-to-month,No,Credit card (automatic),109.83,7804.4,No
CUST-2026-11163,Male,0,No,No,54,DSL,Yes,Yes,Month-to-month,No,Electronic check,47.91,2582.02,Yes
CUST-2026-11164,Male,1,Yes,No,24,Fiber optic,No,No,Month-to-month,No,Bank transfer (automatic),86.77,2087.72,Yes
CUST-2026-11165,Female,0,No,No,49,DSL,No,No,Month-to-month,No,Electronic check,61.69,3010.16,No
CUST-2026-11166,Male,0,No,Yes,17,No,No internet service,No internet service,Month-to-month,No,Mailed check,23.08,390.86,Yes
CUST-2026-11167,Male,1,No,No,43,DSL,No,No,Month-to-month,No,Credit card (automatic),55.79,2403.41,No
CUST-2026-11168,Female,0,Yes,No,21,DSL,No,No,Month-to-month,No,Electronic check,54.89,1158.64,Yes
CUST-2026-11169,Male,0,Yes,Yes,61,Fiber optic,No,No,One year,Yes,Bank transfer (automatic),117.08,7137.96,No
CUST-2026-11170,Female,0,Yes,Yes,4,DSL,No,No,Two year,Yes,Electronic check,54.14,215.6,Yes
CUST-2026-11171,Female,0,No,No,27,Fiber optic,No,Yes,Two year,Yes,Electronic check,90.36,2438.29,No
CUST-2026-11172,Female,0,No,Yes,63,No,No internet service,No internet service,Two year,Yes,Bank transfer (automatic),19.84,1225.0,No
CUST-2026-11173,Male,0,No,No,19,DSL,Yes,No,One year,Yes,Credit card (automatic),64.71,1229.58,No
CUST-2026-11174,Male,0,No,No,69,Fiber optic,Yes,No,Month-to-month,Yes,Credit card (automatic),100.83,6933.22,No
CUST-2026-11175,Male,0,Yes,No,36,Fiber optic,No,No,One year,No,Electronic check,101.38,3659.8,Yes
CUST-2026-11176,Male,0,No,No,42,Fiber optic,No,No,Two year,Yes,Electronic check,105.94,4436.78,No
CUST-2026-11177,Male,0,No,No,37,DSL,No,Yes,Two year,Yes,Electronic check,52.33,1941.97,Yes
CUST-2026-11178,Female,0,Yes,No,34,No,No internet service,No internet service,Month-to-month,No,Electronic check,19.78,673.13,Yes
CUST-2026-11179,Female,0,Yes,Yes,40,DSL,No,No,Month-to-month,No,Credit card (automatic),49.12,1971.56,No
CUST-2026-11180,Male,0,Yes,Yes,11,No,No internet service,No internet service,Month-to-month,Yes,Mailed check,21.57,231.73,No
CUST-2026-11181,Female,0,No,No,62,No,No internet service,No internet service,Month-to-month,Yes,Bank transfer (automatic),20.54,1275.4,No
CUST-2026-11182,Male,0,No,Yes,61,Fiber optic,Yes,Yes,Month-to-month,Yes,Electronic check,97.31,5941.73,Yes
CUST-2026-11183,Male,0,No,No,56,DSL,No,No,Month-to-month,Yes,Credit card (automatic),69.67,3892.67,No
CUST-2026-11184,Male,0,No,No,36,DSL,No,No,Month-to-month,Yes,Credit card (automatic),45.77,1643.09,No
CUST-2026-11185,Male,0,No,No,26,Fiber optic,Yes,Yes,Month-to-month,Yes,Bank transfer (automatic),110.54,2870.63,Yes
CUST-2026-11186,Female,1,No,No,17,Fiber optic,Yes,No,Month-to-month,No,Credit card (automatic),96.95,1643.57,Yes
CUST-2026-11187,Male,0,Yes,No,30,DSL,No,No,One year,Yes,Bank transfer (automatic),53.76,1613.48,Yes
CUST-2026-11188,Female,0,No,No,13,No,No internet service,No internet service,Month-to-month,Yes,Electronic check,21.41,278.89,No
CUST-2026-11189,Male,0,No,No,53,DSL,Yes,Yes,Two year,Yes,Electronic check,52.96,2815.6,Yes
CUST-2026-11190,Female,0,Yes,No,27,DSL,No,No,Month-to-month,Yes,Electronic check,64.99,1742.12,No
CUST-2026-11191,Male,0,Yes,Yes,51,Fiber optic,No,Yes,Two year,No,Electronic check,95.82,4883.39,Yes
CUST-2026-11192,Female,0,Yes,Yes,42,Fiber optic,No,Yes,Month-to-month,No,Electronic check,85.38,3586.42,Yes
CUST-2026-11193,Male,0,Yes,Yes,54,Fiber optic,No,No,Two year,No,Mailed check,100.67,5429.72,No
CUST-2026-11194,Male,0,No,No,47,Fiber optic,Yes,Yes,Month-to-month,Yes,Credit card (automatic),89.17,4188.82,Yes
CUST-2026-11195,Female,0,Yes,No,45,No,No internet service,No internet service,Month-to-month,No,Credit card (automatic),21.81,1001.66,No
CUST-2026-11196,Female,0,No,No,21,Fiber optic,Yes,No,Month-to-month,No,Electronic check,96.04,2002.05,Yes
CUST-2026-11197,Male,1,Yes,Yes,65,No,No internet service,No internet service,Month-to-month,No,Bank transfer (automatic),23.06,1509.46,No
CUST-2026-11198,Female,1,Yes,No,54,DSL,No,No,Month-to-month,No,Electronic check,44.62,2391.6,No
CUST-2026-11199,Male,0,Yes,No,5,DSL,No,No,Month-to-month,Yes,Electronic check,46.14,224.44,Yes
CUST-2026-11200,Male,0,No,Yes,11,Fiber optic,No,No,Month-to-month,Yes,Electronic check,90.76,999.63,Yes
CUST-2026-11201,Male,0,No,Yes,49,Fiber optic,No,No,One year,No,Bank transfer (automatic),88.53,4331.67,Yes
CUST-2026-11202,Female,0,No,No,46,Fiber optic,No,Yes,Month-to-month,Yes,Credit card (automatic),108.31,4978.69,Yes
CUST-2026-11203,Male,0,Yes,Yes,19,Fiber optic,No,No,Month-to-month,Yes,Credit card (automatic),76.79,1442.96,Yes
CUST-2026-11204,Male,0,No,No,30,DSL,No,No,Month-to-month,Yes,Credit card (automatic),56.94,1698.0,No
CUST-2026-11205,Male,0,No,Yes,23,Fiber optic,No,Yes,Two year,Yes,Credit card (automatic),80.8,1851.71,No
CUST-2026-11206,Female,1,No,No,25,Fiber optic,No,No,Two year,No,Electronic check,103.98,2605.16,No
CUST-2026-11207,Male,0,No,Yes,72,DSL,Yes,Yes,One year,Yes,Credit card (automatic),47.75,3445.76,No
CUST-2026-11208,Female,0,No,Yes,67,Fiber optic,No,No,Month-to-month,No,Electronic check,73.56,4925.08,Yes
CUST-2026-11209,Female,0,No,Yes,66,DSL,No,No,Month-to-month,No,Bank transfer (automatic),41.39,2731.61,Yes
CUST-2026-11210,Male,1,Yes,No,15,No,No internet service,No internet service,Month-to-month,Yes,Electronic check,21.21,312.84,No
CUST-2026-11211,Female,0,No,No,45,No,No internet service,No internet service,Month-to-month,Yes,Bank transfer (automatic),23.29,1042.3,Yes
CUST-2026-11212,Female,1,Yes,No,33,Fiber optic,No,No,One year,Yes,Bank transfer (automatic),114.77,3779.19,Yes
CUST-2026-11213,Male,0,Yes,No,37,No,No internet service,No internet service,One year,No,Credit card (automatic),23.32,859.07,Yes
CUST-2026-11214,Male,1,Yes,No,28,Fiber optic,No,No,One year,No,Electronic check,114.02,3180.98,Yes
CUST-2026-11215,Male,0,No,No,34,DSL,Yes,No,Month-to-month,No,Credit card (automatic),48.92,1646.06,Yes
CUST-2026-11216,Female,1,Yes,No,2,DSL,No,No,Month-to-month,Yes,Bank transfer (automatic),40.93,79.82,Yes
CUST-2026-11217,Female,0,Yes,No,25,No,No internet service,No internet service,Month-to-month,Yes,Credit card (automatic),22.67,572.76,Yes
CUST-2026-11218,Female,0,No,No,61,Fiber optic,No,No,One year,Yes,Credit card (automatic),100.71,6144.0,Yes
CUST-2026-11219,Female,0,No,No,49,Fiber optic,No,No,Month-to-month,No,Electronic check,81.88,4011.8,Yes
CUST-2026-11220,Female,0,No,Yes,46,Fiber optic,No,No,Month-to-month,No,Electronic check,71.29,3286.29,Yes
CUST-2026-11221,Male,0,Yes,No,56,DSL,Yes,No,Two year,No,Credit card (automatic),70.05,3913.17,No
CUST-2026-11222,Male,0,No,No,6,Fiber optic,Yes,No,Month-to-month,Yes,Electronic check,97.74,604.54,Yes
CUST-2026-11223,Female,0,No,Yes,72,Fiber optic,No,No,Month-to-month,Yes,Credit card (automatic),74.58,5370.29,No
CUST-2026-11224,Female,0,Yes,No,23,No,No internet service,No internet service,Month-to-month,No,Credit card (automatic),22.64,522.51,Yes
CUST-2026-11225,Male,0,Yes,No,20,DSL,No,No,Month-to-month,Yes,Bank transfer (automatic),44.2,888.97,No
CUST-2026-11226,Female,0,No,No,33,Fiber optic,Yes,No,Month-to-month,No,Mailed check,90.53,2993.3,Yes
CUST-2026-11227,Male,0,Yes,No,38,Fiber optic,No,No,One year,No,Bank transfer (automatic),75.36,2853.97,Yes
CUST-2026-11228,Male,0,Yes,No,13,Fiber optic,No,Yes,Month-to-month,No,Bank transfer (automatic),108.36,1410.2,No
CUST-2026-11229,Male,0,No,Yes,32,No,No internet service,No internet service,Month-to-month,Yes,Electronic check,19.35,607.97,Yes
CUST-2026-11230,Female,0,No,No,31,DSL,No,No,Two year,Yes,Bank transfer (automatic),63.55,1979.2,No
CUST-2026-11231,Female,0,Yes,No,52,DSL,No,No,Month-to-month,No,Credit card (automatic),45.86,2388.01,Yes
CUST-2026-11232,Female,0,No,No,35,No,No internet service,No internet service,One year,No,Bank transfer (automatic),19.1,658.24,No
CUST-2026-11233,Female,0,No,Yes,67,DSL,Yes,No,Month-to-month,No,Credit card (automatic),42.86,2861.87,No
CUST-2026-11234,Female,0,Yes,No,70,Fiber optic,No,No,One year,Yes,Electronic check,104.38,7296.26,Yes
CUST-2026-11235,Male,0,No,No,58,DSL,No,No,Month-to-month,Yes,Mailed check,50.97,2970.35,No
CUST-2026-11236,Female,0,Yes,No,51,DSL,No,No,Two year,No,Electronic check,51.97,2642.6,No
CUST-2026-11237,Male,0,No,No,4,Fiber optic,No,No,Two year,No,Mailed check,112.69,451.01,No
CUST-2026-11238,Female,1,Yes,No,21,No,No internet service,No internet service,One year,No,Mailed check,20.43,422.3,No
CUST-2026-11239,Male,0,Yes,Yes,3,Fiber optic,No,Yes,Month-to-month,Yes,Electronic check,71.43,224.82,Yes
CUST-2026-11240,Female,0,No,No,61,No,No internet service,No internet service,One year,No,Electronic check,18.19,1101.5,No
CUST-2026-11241,Male,0,Yes,No,2,DSL,Yes,No,One year,Yes,Bank transfer (automatic),42.35,70.8,Yes
CUST-2026-11242,Male,1,No,No,68,No,No internet service,No internet service,Month-to-month,Yes,Credit card (automatic),18.76,1280.66,No
CUST-2026-11243,Male,0,No,No,25,No,No internet service,No internet service,Month-to-month,No,Credit card (automatic),23.97,609.45,No
CUST-2026-11244,Female,0,Yes,No,50,DSL,Yes,No,Month-to-month,No,Credit card (automatic),50.56,2521.87,Yes
CUST-2026-11245,Female,0,Yes,Yes,10,Fiber optic,Yes,No,One year,No,Credit card (automatic),94.57,944.37,No
CUST-2026-11246,Female,0,No,No,20,Fiber optic,Yes,Yes,Month-to-month,No,Bank transfer (automatic),97.95,1958.64,Yes
CUST-2026-11247,Female,1,No,Yes,20,DSL,No,No,One year,No,Mailed check,48.98,983.7,Yes
CUST-2026-11248,Female,0,No,No,3,DSL,No,No,One year,No,Credit card (automatic),58.19,186.8,No
CUST-2026-11249,Male,0,Yes,No,29,Fiber optic,No,Yes,Month-to-month,Yes,Bank transfer (automatic),103.17,2998.75,Yes
CUST-2026-11250,Female,1,No,Yes,38,No,No internet service,No internet service,Two year,No,Mailed check,21.68,809.8,No
CUST-2026-11251,Male,0,No,Yes,64,Fiber optic,No,Yes,Month-to-month,Yes,Bank transfer (automatic),94.0,6013.53,No
CUST-2026-11252,Female,1,No,No,64,DSL,No,No,Month-to-month,Yes,Credit card (automatic),52.77,3384.84,Yes
CUST-2026-11253,Female,0,Yes,No,31,Fiber optic,No,No,One year,No,Electronic check,110.02,3401.68,Yes
CUST-2026-11254,Female,0,No,No,69,DSL,No,Yes,Month-to-month,Yes,Bank transfer (automatic),70.84,4875.68,No
CUST-2026-11255,Female,1,Yes,Yes,61,No,No internet service,No internet service,Two year,No,Mailed check,20.14,1222.0,No
CUST-2026-11256,Female,0,Yes,No,68,Fiber optic,Yes,Yes,Month-to-month,No,Bank transfer (automatic),109.02,7402.98,Yes
CUST-2026-11257,Female,0,No,No,29,DSL,No,No,Two year,Yes,Electronic check,64.37,1869.43,No
CUST-2026-11258,Male,0,No,No,48,Fiber optic,No,No,Two year,No,Bank transfer (automatic),97.5,4679.39,Yes
CUST-2026-11259,Female,0,No,Yes,30,DSL,No,No,Month-to-month,No,Electronic check,64.75,1938.66,Yes
CUST-2026-11260,Male,0,No,Yes,46,Fiber optic,No,No,Two year,No,Electronic check,89.69,4122.77,No
CUST-2026-11261,Female,0,No,Yes,4,DSL,No,No,Month-to-month,Yes,Credit card (automatic),58.78,237.5,Yes
CUST-2026-11262,Female,0,No,No,26,DSL,No,No,Two year,Yes,Bank transfer (automatic),68.79,1773.85,Yes
CUST-2026-11263,Male,1,No,No,2,No,No internet service,No internet service,Month-to-month,No,Electronic check,24.67,45.63,Yes
CUST-2026-11264,Female,1,No,No,1,No,No internet service,No internet service,Month-to-month,Yes,Mailed check,21.27,33.25,No
CUST-2026-11265,Female,0,No,No,1,No,No internet service,No internet service,One year,No,Bank transfer (automatic),18.77,26.52,No
CUST-2026-11266,Male,0,Yes,Yes,59,No,No internet service,No internet service,One year,Yes,Bank transfer (automatic),22.98,1355.98,No
CUST-2026-11267,Male,0,No,No,33,Fiber optic,No,Yes,Month-to-month,Yes,Credit card (automatic),78.45,2590.65,No
CUST-2026-11268,Female,0,Yes,Yes,44,DSL,Yes,No,Two year,No,Bank transfer (automatic),55.4,2422.36,No
CUST-2026-11269,Male,0,Yes,No,57,DSL,No,No,Two year,Yes,Credit card (automatic),74.73,4257.11,No
CUST-2026-11270,Male,1,Yes,Yes,7,Fiber optic,Yes,No,One year,Yes,Mailed check,84.91,612.39,Yes
CUST-2026-11271,Male,0,No,No,68,No,No internet service,No internet service,Month-to-month,No,Credit card (automatic),20.75,1410.04,Yes
CUST-2026-11272,Male,1,No,No,24,No,No internet service,No internet service,Month-to-month,Yes,Credit card (automatic),19.55,455.69,No
CUST-2026-11273,Female,0,Yes,Yes,25,No,No internet service,No internet service,Two year,Yes,Credit card (automatic),18.11,454.95,No
CUST-2026-11274,Female,0,Yes,No,36,DSL,No,No,One year,Yes,Mailed check,45.8,1658.91,No
CUST-2026-11275,Female,0,Yes,No,2,Fiber optic,No,No,Two year,Yes,Bank transfer (automatic),94.22,183.47,Yes
CUST-2026-11276,Male,0,No,No,26,Fiber optic,No,No,Month-to-month,Yes,Mailed check,102.8,2672.03,Yes
CUST-2026-11277,Male,0,Yes,Yes,51,Fiber optic,Yes,No,Month-to-month,Yes,Mailed check,114.38,5844.52,No
CUST-2026-11278,Male,0,No,Yes,68,DSL,Yes,No,Month-to-month,Yes,Mailed check,66.85,4550.32,No
CUST-2026-11279,Male,0,Yes,No,60,DSL,Yes,Yes,One year,No,Bank transfer (automatic),44.96,2704.34,No
CUST-2026-11280,Male,0,No,Yes,49,DSL,No,No,Month-to-month,Yes,Credit card (automatic),61.63,3021.15,No
CUST-2026-11281,Male,0,Yes,No,54,Fiber optic,No,No,One year,No,Bank transfer (automatic),79.59,4304.49,Yes
CUST-2026-11282,Female,1,No,No,19,Fiber optic,No,No,Two year,No,Electronic check,116.5,2213.57,No
CUST-2026-11283,Female,0,Yes,No,29,Fiber optic,No,Yes,Month-to-month,Yes,Electronic check,98.93,2872.44,Yes
CUST-2026-11284,Female,0,No,No,24,Fiber optic,No,No,Two year,Yes,Mailed check,74.91,1794.56,Yes
CUST-2026-11285,Male,0,Yes,No,56,DSL,Yes,No,One year,No,Electronic check,72.45,4057.65,No
CUST-2026-11286,Male,0,No,No,64,No,No internet service,No internet service,One year,Yes,Bank transfer (automatic),20.27,1292.8,No
CUST-2026-11287,Male,0,Yes,No,39,DSL,Yes,No,Month-to-month,Yes,Bank transfer (automatic),45.45,1765.87,Yes
CUST-2026-11288,Female,0,Yes,Yes,15,No,No internet service,No internet service,One year,Yes,Electronic check,24.03,369.02,No
CUST-2026-11289,Male,0,No,No,8,DSL,Yes,Yes,One year,Yes,Electronic check,53.63,427.17,Yes
CUST-2026-11290,Female,0,Yes,No,40,No,No internet service,No internet service,Month-to-month,No,Mailed check,22.28,895.53,Yes
CUST-2026-11291,Female,0,No,No,54,No,No internet service,No internet service,Month-to-month,No,Credit card (automatic),21.56,1155.08,Yes
CUST-2026-11292,Male,0,No,Yes,63,No,No internet service,No internet service,Month-to-month,Yes,Credit card (automatic),18.93,1185.42,No
CUST-2026-11293,Female,1,No,No,30,Fiber optic,No,No,One year,No,Bank transfer (automatic),102.09,3069.55,Yes
CUST-2026-11294,Male,0,No,No,15,Fiber optic,No,No,Month-to-month,Yes,Electronic check,94.27,1407.38,Yes
CUST-2026-11295,Female,0,Yes,Yes,53,Fiber optic,No,No,Month-to-month,No,Credit card (automatic),109.78,5823.43,Yes
CUST-2026-11296,Male,0,No,No,25,No,No internet service,No internet service,Two year,Yes,Mailed check,23.63,585.54,No
CUST-2026-11297,Female,0,Yes,Yes,56,Fiber optic,No,No,One year,Yes,Bank transfer (automatic),75.49,4228.95,No
CUST-2026-11298,Male,0,No,Yes,5,DSL,Yes,Yes,Month-to-month,No,Electronic check,42.74,206.63,Yes
CUST-2026-11299,Male,0,Yes,Yes,37,No,No internet service,No internet service,Two year,Yes,Electronic check,22.12,833.54,No
CUST-2026-11300,Male,0,No,No,58,DSL,Yes,No,One year,No,Mailed check,62.76,3645.21,No
CUST-2026-11301,Female,0,No,No,16,DSL,No,No,One year,Yes,Mailed check,55.73,877.86,No
CUST-2026-11302,Female,0,No,No,66,DSL,Yes,No,Two year,No,Credit card (automatic),54.62,3593.56,No
CUST-2026-11303,Male,1,Yes,No,10,No,No internet service,No internet service,Month-to-month,No,Credit card (automatic),24.33,243.3,Yes
CUST-2026-11304,Male,1,No,No,40,DSL,No,No,Month-to-month,Yes,Mailed check,44.46,1771.79,Yes
CUST-2026-11305,Male,0,No,No,42,No,No internet service,No internet service,Month-to-month,Yes,Electronic check,23.81,994.43,No
CUST-2026-11306,Male,1,No,Yes,34,DSL,Yes,No,Month-to-month,Yes,Electronic check,42.19,1431.29,No
CUST-2026-11307,Female,0,No,No,44,DSL,No,Yes,Month-to-month,Yes,Mailed check,67.6,2984.84,No
CUST-2026-11308,Male,0,No,No,9,No,No internet service,No internet service,Month-to-month,Yes,Credit card (automatic),20.69,186.05,Yes
CUST-2026-11309,Female,0,No,No,42,DSL,No,No,Month-to-month,Yes,Bank transfer (automatic),66.71,2802.82,Yes
CUST-2026-11310,Male,1,No,Yes,40,No,No internet service,No internet service,Month-to-month,No,Credit card (automatic),20.67,821.75,No
CUST-2026-11311,Female,0,No,No,30,Fiber optic,Yes,No,Two year,No,Bank transfer (automatic),92.63,2784.43,No
CUST-2026-11312,Male,0,No,No,15,DSL,Yes,No,Month-to-month,Yes,Bank transfer (automatic),48.26,707.14,No
CUST-2026-11313,Male,0,Yes,Yes,3,Fiber optic,No,No,Month-to-month,Yes,Bank transfer (automatic),101.64,306.02,No
CUST-2026-11314,Male,0,Yes,No,59,Fiber optic,No,Yes,One year,Yes,Electronic check,115.4,6817.7,Yes
CUST-2026-11315,Female,0,No,No,69,No,No internet service,No internet service,One year,Yes,Electronic check,18.77,1300.58,Yes
CUST-2026-11316,Female,0,No,Yes,41,No,No internet service,No internet service,Month-to-month,Yes,Mailed check,19.45,788.72,Yes
CUST-2026-11317,Male,0,No,No,17,No,No internet service,No internet service,One year,Yes,Credit card (automatic),23.63,416.5,Yes
CUST-2026-11318,Male,0,Yes,Yes,23,DSL,No,No,One year,No,Electronic check,71.23,1645.88,Yes
CUST-2026-11319,Female,0,No,No,40,No,No internet service,No internet service,Month-to-month,No,Bank transfer (automatic),23.03,913.89,No
CUST-2026-11320,Male,1,No,No,42,No,No internet service,No internet service,Two year,No,Bank transfer (automatic),21.25,903.78,No
CUST-2026-11321,Female,0,No,No,23,Fiber optic,Yes,No,Month-to-month,Yes,Mailed check,70.62,1617.1,Yes
CUST-2026-11322,Female,0,Yes,Yes,22,DSL,Yes,No,One year,No,Electronic check,60.11,1315.74,Yes
CUST-2026-11323,Female,0,No,Yes,11,Fiber optic,Yes,Yes,Two year,Yes,Mailed check,85.14,935.92,Yes
CUST-2026-11324,Male,0,No,No,2,Fiber optic,No,Yes,Month-to-month,No,Electronic check,114.18,234.35,Yes
CUST-2026-11325,Male,0,Yes,No,46,No,No internet service,No internet service,One year,Yes,Mailed check,19.54,907.72,No
CUST-2026-11326,Male,1,Yes,No,51,No,No internet service,No internet service,Two year,No,Credit card (automatic),22.98,1171.69,No
CUST-2026-11327,Male,1,No,No,1,Fiber optic,Yes,No,Two year,No,Mailed check,74.58,61.03,Yes
CUST-2026-11328,Female,0,No,Yes,71,No,No internet service,No internet service,Two year,No,Credit card (automatic),23.75,1688.17,No
CUST-2026-11329,Male,0,No,No,36,DSL,Yes,No,One year,Yes,Electronic check,68.24,2475.66,No
CUST-2026-11330,Female,0,No,Yes,33,DSL,No,No,Two year,No,Electronic check,57.38,1893.82,No
CUST-2026-11331,Male,0,No,No,12,DSL,Yes,Yes,Month-to-month,No,Electronic check,60.44,721.91,No
CUST-2026-11332,Male,1,No,No,40,Fiber optic,No,Yes,One year,Yes,Bank transfer (automatic),89.06,3579.23,No
CUST-2026-11333,Female,0,No,No,29,Fiber optic,No,No,Month-to-month,No,Credit card (automatic),95.53,2760.52,No
CUST-2026-11334,Female,0,Yes,No,19,Fiber optic,No,Yes,Month-to-month,Yes,Bank transfer (automatic),106.65,2020.66,No
CUST-2026-11335,Female,0,Yes,No,22,No,No internet service,No internet service,One year,No,Electronic check,22.49,505.36,Yes
CUST-2026-11336,Male,0,Yes,No,30,Fiber optic,No,Yes,Month-to-month,Yes,Mailed check,79.86,2406.84,No
CUST-2026-11337,Male,0,No,No,18,Fiber optic,No,No,Month-to-month,No,Electronic check,88.04,1587.05,Yes
CUST-2026-11338,Male,0,No,No,61,No,No internet service,No internet service,Month-to-month,Yes,Credit card (automatic),21.2,1318.36,No
CUST-2026-11339,Female,0,No,Yes,16,DSL,No,No,Two year,Yes,Credit card (automatic),62.32,1001.11,No
CUST-2026-11340,Female,0,Yes,No,69,Fiber optic,No,No,Month-to-month,No,Electronic check,85.16,5872.84,Yes
CUST-2026-11341,Female,0,No,Yes,8,Fiber optic,No,Yes,Two year,Yes,Electronic check,84.85,666.45,Yes
CUST-2026-11342,Male,1,No,Yes,45,No,No internet service,No internet service,Month-to-month,Yes,Electronic check,18.99,857.44,No
CUST-2026-11343,Female,0,No,Yes,48,Fiber optic,No,No,Two year,Yes,Bank transfer (automatic),109.77,5263.24,No
CUST-2026-11344,Male,0,No,Yes,5,No,No internet service,No internet service,Month-to-month,No,Credit card (automatic),19.1,90.3,Yes
CUST-2026-11345,Female,0,Yes,Yes,33,Fiber optic,No,No,One year,No,Bank transfer (automatic),116.8,3845.33,Yes
CUST-2026-11346,Male,0,No,No,12,No,No internet service,No internet service,One year,No,Credit card (automatic),18.64,218.02,No
CUST-2026-11347,Female,0,Yes,Yes,12,DSL,No,Yes,Two year,No,Bank transfer (automatic),46.57,548.05,No
CUST-2026-11348,Female,0,Yes,No,60,Fiber optic,No,No,One year,No,Electronic check,112.68,6750.4,No
CUST-2026-11349,Female,0,Yes,No,38,Fiber optic,Yes,No,Two year,Yes,Electronic check,80.98,3097.51,No
CUST-2026-11350,Female,0,Yes,No,65,DSL,No,No,Month-to-month,No,Credit card (automatic),70.48,4565.31,No
CUST-2026-11351,Female,0,Yes,No,67,DSL,No,No,Month-to-month,Yes,Bank transfer (automatic),48.59,3243.35,No
CUST-2026-11352,Male,0,No,Yes,24,No,No internet service,No internet service,Month-to-month,Yes,Electronic check,23.24,560.48,Yes
CUST-2026-11353,Male,0,No,No,16,No,No internet service,No internet service,Month-to-month,No,Electronic check,20.27,308.36,Yes
CUST-2026-11354,Male,0,Yes,Yes,72,Fiber optic,Yes,Yes,Two year,No,Credit card (automatic),90.37,6509.96,Yes
CUST-2026-11355,Male,0,No,No,61,Fiber optic,Yes,No,Two year,Yes,Electronic check,77.83,4739.81,No
CUST-2026-11356,Female,0,Yes,No,5,No,No internet service,No internet service,Month-to-month,Yes,Mailed check,19.87,101.87,Yes
CUST-2026-11357,Female,1,No,Yes,39,DSL,No,No,Month-to-month,Yes,Mailed check,60.61,2393.92,Yes
CUST-2026-11358,Female,1,Yes,No,32,Fiber optic,No,No,Month-to-month,No,Bank transfer (automatic),110.08,3526.47,Yes
CUST-2026-11359,Male,0,Yes,Yes,39,Fiber optic,Yes,Yes,Two year,Yes,Bank transfer (automatic),107.42,4194.83,No
CUST-2026-11360,Female,0,No,No,49,DSL,Yes,No,Month-to-month,Yes,Electronic check,43.24,2117.24,Yes
CUST-2026-11361,Male,1,Yes,No,22,Fiber optic,Yes,No,One year,No,Mailed check,102.87,2268.76,No
CUST-2026-11362,Male,0,Yes,No,54,DSL,No,Yes,One year,Yes,Mailed check,45.17,2455.27,No
CUST-2026-11363,Male,0,Yes,No,7,Fiber optic,Yes,No,Month-to-month,No,Mailed check,77.15,549.27,Yes
CUST-2026-11364,Female,0,Yes,Yes,43,DSL,Yes,No,Month-to-month,Yes,Mailed check,55.78,2401.21,Yes
CUST-2026-11365,Male,0,Yes,No,5,DSL,No,No,One year,Yes,Electronic check,43.25,222.46,Yes
CUST-2026-11366,Male,0,Yes,No,8,Fiber optic,No,Yes,Month-to-month,No,Electronic check,90.47,725.93,No
CUST-2026-11367,Male,0,No,No,62,DSL,Yes,No,Two year,Yes,Credit card (automatic),54.86,3397.62,No
CUST-2026-11368,Male,0,No,No,47,DSL,Yes,No,One year,Yes,Credit card (automatic),53.79,2523.95,No
CUST-2026-11369,Male,0,Yes,Yes,53,DSL,No,Yes,Month-to-month,No,Electronic check,72.4,3822.07,Yes
CUST-2026-11370,Male,0,Yes,No,67,Fiber optic,Yes,No,Month-to-month,Yes,Electronic check,95.38,6391.98,Yes
CUST-2026-11371,Male,1,No,Yes,1,No,No internet service,No internet service,Month-to-month,Yes,Credit card (automatic),19.17,18.0,Yes
CUST-2026-11372,Male,1,No,No,36,No,No internet service,No internet service,Month-to-month,Yes,Electronic check,21.48,782.65,No
CUST-2026-11373,Male,0,No,Yes,54,Fiber optic,No,No,Month-to-month,Yes,Electronic check,99.77,5368.79,Yes
CUST-2026-11374,Female,0,No,No,65,DSL,Yes,No,Month-to-month,No,Electronic check,49.97,3240.74,No
CUST-2026-11375,Male,0,No,Yes,70,DSL,No,No,Month-to-month,Yes,Bank transfer (automatic),50.01,3510.68,No
CUST-2026-11376,Male,1,No,No,52,DSL,Yes,No,One year,Yes,Electronic check,50.23,2594.88,Yes
CUST-2026-11377,Male,0,No,No,53,Fiber optic,No,No,Month-to-month,Yes,Electronic check,70.91,3757.2,Yes
CUST-2026-11378,Female,0,Yes,No,1,Fiber optic,Yes,No,Two year,Yes,Bank transfer (automatic),112.38,100.47,No
CUST-2026-11379,Female,0,Yes,No,52,Fiber optic,No,No,Month-to-month,No,Bank transfer (automatic),101.27,5269.7,Yes
CUST-2026-11380,Male,0,Yes,Yes,72,No,No internet service,No internet service,Month-to-month,Yes,Bank transfer (automatic),22.36,1611.48,No
CUST-2026-11381,Male,0,Yes,No,69,DSL,No,No,Month-to-month,No,Electronic check,72.23,4998.83,Yes
CUST-2026-11382,Female,1,Yes,No,70,Fiber optic,No,No,One year,Yes,Credit card (automatic),76.45,5342.74,Yes
CUST-2026-11383,Male,0,Yes,Yes,59,Fiber optic,Yes,No,One year,Yes,Bank transfer (automatic),113.04,6649.18,No
CUST-2026-11384,Male,0,Yes,No,25,Fiber optic,No,No,Two year,No,Electronic check,108.18,2706.79,Yes
CUST-2026-11385,Female,0,Yes,No,47,Fiber optic,No,Yes,Two year,Yes,Bank transfer (automatic),77.22,3625.5,No
CUST-2026-11386,Female,0,No,No,68,DSL,No,Yes,Month-to-month,No,Bank transfer (automatic),59.93,4070.73,No
CUST-2026-11387,Female,0,Yes,No,53,Fiber optic,No,No,One year,No,Electronic check,85.35,4518.73,No
CUST-2026-11388,Male,0,No,No,72,DSL,Yes,Yes,Month-to-month,Yes,Credit card (automatic),69.69,5023.98,No
CUST-2026-11389,Female,1,No,No,50,No,No internet service,No internet service,Month-to-month,No,Mailed check,20.54,1035.32,No
CUST-2026-11390,Male,0,No,Yes,34,Fiber optic,Yes,No,One year,Yes,Bank transfer (automatic),77.91,2629.65,No
CUST-2026-11391,Male,0,Yes,No,41,No,No internet service,No internet service,Two year,Yes,Credit card (automatic),24.63,987.87,No
CUST-2026-11392,Female,0,Yes,No,10,No,No internet service,No internet service,Month-to-month,Yes,Bank transfer (automatic),21.34,216.09,No
CUST-2026-11393,Female,0,Yes,Yes,8,Fiber optic,No,No,Two year,No,Credit card (automatic),117.55,946.87,No
CUST-2026-11394,Female,0,No,No,34,DSL,No,Yes,One year,Yes,Electronic check,74.72,2547.84,No
CUST-2026-11395,Female,0,Yes,Yes,31,No,No internet service,No internet service,One year,No,Credit card (automatic),21.94,669.43,No
CUST-2026-11396,Male,0,No,No,70,DSL,Yes,No,One year,No,Mailed check,70.61,4948.18,No
CUST-2026-11397,Female,0,No,No,60,Fiber optic,No,No,One year,No,Bank transfer (automatic),78.3,4710.32,No
CUST-2026-11398,Female,0,No,Yes,47,Fiber optic,No,Yes,One year,No,Credit card (automatic),71.42,3364.96,Yes
CUST-2026-11399,Male,1,No,No,37,DSL,No,Yes,One year,No,Electronic check,63.62,2345.63,No
CUST-2026-11400,Male,0,Yes,No,71,DSL,No,No,Two year,Yes,Mailed check,54.47,3852.18,No
CUST-2026-11401,Female,1,No,No,55,DSL,No,No,Month-to-month,No,Bank transfer (automatic),51.57,2833.22,Yes
CUST-2026-11402,Male,0,No,No,55,No,No internet service,No internet service,Month-to-month,No,Electronic check,21.61,1207.08,Yes
CUST-2026-11403,Female,1,No,No,61,DSL,No,No,Month-to-month,Yes,Mailed check,50.62,3063.01,Yes
CUST-2026-11404,Female,0,Yes,Yes,46,No,No internet service,No internet service,One year,No,Electronic check,19.41,890.96,Yes
CUST-2026-11405,Male,1,No,Yes,45,No,No internet service,No internet service,Month-to-month,Yes,Mailed check,21.36,946.32,Yes
CUST-2026-11406,Male,0,Yes,No,14,Fiber optic,Yes,No,Two year,No,Credit card (automatic),90.25,1264.03,No
CUST-2026-11407,Male,1,Yes,Yes,38,DSL,No,No,Two year,Yes,Electronic check,65.01,2482.78,No
CUST-2026-11408,Male,0,No,Yes,32,Fiber optic,Yes,Yes,Two year,Yes,Mailed check,91.99,2942.95,No
CUST-2026-11409,Female,0,No,No,57,No,No internet service,No internet service,One year,Yes,Mailed check,23.42,1324.22,No
CUST-2026-11410,Male,0,Yes,No,70,Fiber optic,No,Yes,One year,Yes,Bank transfer (automatic),108.79,7604.47,No
CUST-2026-11411,Female,0,No,Yes,23,Fiber optic,No,Yes,Month-to-month,Yes,Bank transfer (automatic),114.38,2613.07,Yes
CUST-2026-11412,Male,0,No,No,33,Fiber optic,Yes,No,One year,Yes,Electronic check,82.73,2727.08,Yes
CUST-2026-11413,Female,0,No,No,63,Fiber optic,Yes,No,Month-to-month,No,Credit card (automatic),72.51,4551.29,No
CUST-2026-11414,Female,0,No,No,56,DSL,No,No,Month-to-month,No,Bank transfer (automatic),46.36,2604.64,Yes
CUST-2026-11415,Female,0,No,No,58,Fiber optic,No,No,One year,No,Mailed check,101.4,5892.86,Yes
CUST-2026-11416,Male,0,Yes,No,40,DSL,Yes,No,Month-to-month,No,Bank transfer (automatic),71.06,2843.65,Yes
CUST-2026-11417,Female,1,Yes,No,19,DSL,Yes,No,Month-to-month,Yes,Bank transfer (automatic),72.27,1386.22,Yes
CUST-2026-11418,Male,0,No,Yes,47,DSL,No,Yes,Two year,Yes,Credit card (automatic),57.54,2703.04,No
CUST-2026-11419,Male,1,No,Yes,64,Fiber optic,No,No,Month-to-month,No,Electronic check,93.14,5944.95,No
CUST-2026-11420,Female,1,No,Yes,16,No,No internet service,No internet service,Month-to-month,Yes,Credit card (automatic),22.25,346.28,Yes
CUST-2026-11421,Male,0,No,No,63,DSL,Yes,Yes,Two year,Yes,Electronic check,45.97,2900.95,No
CUST-2026-11422,Male,0,Yes,Yes,64,Fiber optic,Yes,No,Month-to-month,Yes,Credit card (automatic),100.53,6430.26,Yes
CUST-2026-11423,Female,0,No,Yes,61,Fiber optic,Yes,No,One year,Yes,Mailed check,85.64,5234.06,No
CUST-2026-11424,Female,0,Yes,Yes,47,No,No internet service,No internet service,One year,Yes,Mailed check,24.74,1171.09,No
CUST-2026-11425,Female,0,No,No,20,Fiber optic,No,No,Month-to-month,Yes,Electronic check,81.91,1630.43,Yes
CUST-2026-11426,Female,0,Yes,Yes,14,No,No internet service,No internet service,Month-to-month,Yes,Credit card (automatic),22.99,296.71,No
CUST-2026-11427,Male,0,No,No,1,DSL,No,No,Month-to-month,No,Mailed check,56.11,68.62,Yes
CUST-2026-11428,Male,0,No,No,21,DSL,No,No,Month-to-month,Yes,Credit card (automatic),62.34,1306.28,No
CUST-2026-11429,Male,0,Yes,No,21,No,No internet service,No internet service,Two year,Yes,Electronic check,21.47,463.88,No
CUST-2026-11430,Male,0,Yes,No,41,DSL,No,No,One year,No,Electronic check,74.5,3047.9,Yes
CUST-2026-11431,Female,1,No,No,35,DSL,No,No,One year,No,Electronic check,47.74,1653.6,Yes
CUST-2026-11432,Male,0,Yes,Yes,23,DSL,No,Yes,One year,No,Electronic check,59.72,1370.54,Yes
CUST-2026-11433,Male,0,Yes,No,65,Fiber optic,No,No,One year,Yes,Electronic check,92.82,6025.51,Yes
CUST-2026-11434,Male,0,Yes,No,9,DSL,No,No,Month-to-month,No,Bank transfer (automatic),62.55,559.8,Yes
CUST-2026-11435,Male,0,Yes,Yes,6,Fiber optic,No,Yes,Month-to-month,No,Electronic check,100.08,610.9,Yes
CUST-2026-11436,Male,0,Yes,No,4,Fiber optic,Yes,No,Month-to-month,Yes,Credit card (automatic),85.32,352.74,Yes
CUST-2026-11437,Female,0,Yes,No,35,No,No internet service,No internet service,One year,No,Bank transfer (automatic),20.65,704.82,No
CUST-2026-11438,Male,0,Yes,No,47,Fiber optic,No,No,Two year,Yes,Bank transfer (automatic),73.62,3469.46,Yes
CUST-2026-11439,Female,0,No,Yes,1,Fiber optic,No,No,Month-to-month,Yes,Bank transfer (automatic),93.24,102.64,Yes
CUST-2026-11440,Female,1,No,No,48,No,No internet service,No internet service,One year,No,Bank transfer (automatic),18.51,898.28,No
CUST-2026-11441,Male,0,Yes,No,54,Fiber optic,No,No,Month-to-month,Yes,Mailed check,108.29,5837.51,Yes
CUST-2026-11442,Female,0,Yes,Yes,27,DSL,No,No,One year,Yes,Bank transfer (automatic),56.2,1507.44,No
CUST-2026-11443,Female,0,Yes,Yes,45,DSL,Yes,Yes,One year,Yes,Electronic check,41.72,1879.25,No
CUST-2026-11444,Female,1,Yes,No,31,DSL,No,No,Month-to-month,Yes,Electronic check,50.02,1552.13,Yes
CUST-2026-11445,Male,0,No,No,2,Fiber optic,No,No,Month-to-month,No,Electronic check,99.86,201.85,Yes
CUST-2026-11446,Female,0,Yes,Yes,41,DSL,No,No,Month-to-month,No,Electronic check,42.71,1734.53,Yes
CUST-2026-11447,Female,0,Yes,No,70,Fiber optic,No,No,Two year,Yes,Electronic check,117.73,8223.62,Yes
CUST-2026-11448,Female,0,No,No,14,No,No internet service,No internet service,Month-to-month,Yes,Credit card (automatic),22.96,317.75,No
CUST-2026-11449,Female,0,Yes,Yes,52,DSL,No,Yes,Month-to-month,Yes,Electronic check,53.32,2778.14,No
CUST-2026-11450,Female,1,No,No,36,No,No internet service,No internet service,Two year,No,Bank transfer (automatic),18.26,657.31,No
CUST-2026-11451,Male,0,No,No,1,DSL,No,Yes,Month-to-month,Yes,Credit card (automatic),66.75,56.76,No
CUST-2026-11452,Female,0,Yes,Yes,18,No,No internet service,No internet service,One year,Yes,Bank transfer (automatic),20.84,368.48,Yes
CUST-2026-11453,Male,0,No,Yes,22,No,No internet service,No internet service,Month-to-month,Yes,Bank transfer (automatic),23.34,524.33,No
CUST-2026-11454,Male,0,Yes,Yes,44,DSL,Yes,No,Two year,No,Mailed check,67.42,2960.82,Yes
CUST-2026-11455,Male,0,No,No,35,No,No internet service,No internet service,Month-to-month,No,Credit card (automatic),22.41,808.29,No
CUST-2026-11456,Female,1,Yes,No,65,No,No internet service,No internet service,Month-to-month,No,Credit card (automatic),19.35,1245.43,No
CUST-2026-11457,Female,0,Yes,No,45,DSL,No,No,Month-to-month,No,Credit card (automatic),73.87,3325.46,Yes
CUST-2026-11458,Female,0,No,No,48,Fiber optic,No,No,Two year,Yes,Credit card (automatic),89.42,4299.7,No
CUST-2026-11459,Female,0,Yes,No,35,DSL,No,Yes,Month-to-month,No,Bank transfer (automatic),43.9,1534.42,Yes
CUST-2026-11460,Male,0,Yes,No,43,Fiber optic,No,Yes,Month-to-month,No,Mailed check,98.23,4194.47,Yes
CUST-2026-11461,Female,0,No,No,24,Fiber optic,No,No,One year,No,Bank transfer (automatic),115.39,2747.81,No
CUST-2026-11462,Female,0,Yes,No,2,Fiber optic,No,Yes,Two year,No,Mailed check,97.38,189.12,Yes
CUST-2026-11463,Male,0,No,No,68,DSL,No,No,Month-to-month,Yes,Bank transfer (automatic),57.36,3899.66,No
CUST-2026-11464,Male,0,Yes,No,29,No,No internet service,No internet service,Month-to-month,No,Mailed check,18.57,535.23,No
CUST-2026-11465,Female,0,Yes,No,35,DSL,No,No,Month-to-month,Yes,Mailed check,55.34,1921.95,Yes
CUST-2026-11466,Female,0,No,Yes,2,No,No internet service,No internet service,Two year,Yes,Electronic check,23.16,37.1,Yes
CUST-2026-11467,Female,0,No,No,37,Fiber optic,No,Yes,One year,No,Electronic check,74.89,2770.42,No
CUST-2026-11468,Female,0,No,Yes,46,DSL,No,No,One year,Yes,Mailed check,55.04,2522.83,Yes
CUST-2026-11469,Male,1,Yes,No,27,No,No internet service,No internet service,Month-to-month,No,Electronic check,19.96,526.45,No
CUST-2026-11470,Female,0,No,No,41,Fiber optic,Yes,No,Month-to-month,No,Electronic check,98.75,4060.82,Yes
CUST-2026-11471,Female,0,No,No,26,Fiber optic,Yes,No,Month-to-month,Yes,Mailed check,75.74,1963.54,Yes
CUST-2026-11472,Female,0,No,No,30,Fiber optic,No,No,Two year,No,Bank transfer (automatic),85.49,2571.62,No
CUST-2026-11473,Male,0,No,No,42,Fiber optic,No,No,One year,No,Electronic check,95.43,4009.09,No
CUST-2026-11474,Male,1,Yes,No,43,DSL,No,Yes,One year,No,Electronic check,52.4,2257.19,No
CUST-2026-11475,Male,0,No,Yes,1,DSL,No,Yes,Two year,Yes,Credit card (automatic),67.87,72.4,No
CUST-2026-11476,Male,0,No,No,61,Fiber optic,No,Yes,Month-to-month,Yes,Credit card (automatic),85.73,5233.29,No
CUST-2026-11477,Female,0,Yes,Yes,8,DSL,Yes,No,Month-to-month,Yes,Credit card (automatic),51.58,407.25,Yes
CUST-2026-11478,Female,0,No,No,28,Fiber optic,No,No,Two year,No,Electronic check,109.69,3069.86,No
CUST-2026-11479,Male,0,Yes,No,41,Fiber optic,No,No,One year,Yes,Electronic check,84.93,3483.17,Yes
CUST-2026-11480,Male,1,No,Yes,49,DSL,No,No,Month-to-month,No,Mailed check,54.46,2673.64,No
CUST-2026-11481,Female,1,Yes,No,57,Fiber optic,Yes,Yes,Month-to-month,Yes,Bank transfer (automatic),94.04,5356.13,Yes
CUST-2026-11482,Female,0,No,No,71,DSL,Yes,No,Two year,No,Credit card (automatic),64.48,4572.55,No
CUST-2026-11483,Female,0,No,Yes,23,DSL,No,No,One year,No,Credit card (automatic),41.78,966.62,No
CUST-2026-11484,Male,0,Yes,No,9,Fiber optic,No,No,Month-to-month,No,Mailed check,82.33,760.98,Yes
CUST-2026-11485,Female,0,No,No,3,DSL,No,No,Month-to-month,Yes,Electronic check,56.68,169.52,Yes
CUST-2026-11486,Female,0,Yes,Yes,59,Fiber optic,No,No,Month-to-month,Yes,Bank transfer (automatic),113.7,6709.56,No
CUST-2026-11487,Female,0,No,No,30,Fiber optic,Yes,No,One year,Yes,Electronic check,89.34,2678.81,Yes
CUST-2026-11488,Female,0,Yes,Yes,4,Fiber optic,No,No,One year,Yes,Electronic check,80.31,310.15,No
CUST-2026-11489,Female,0,Yes,No,38,DSL,No,No,Month-to-month,Yes,Electronic check,45.81,1736.9,Yes
CUST-2026-11490,Female,0,No,No,25,DSL,No,No,Month-to-month,Yes,Bank transfer (automatic),49.77,1241.4,Yes
CUST-2026-11491,Male,0,No,No,67,Fiber optic,No,No,Month-to-month,No,Electronic check,80.62,5397.14,Yes
CUST-2026-11492,Male,0,No,Yes,48,Fiber optic,No,No,Two year,Yes,Mailed check,104.27,5013.04,Yes
CUST-2026-11493,Male,0,No,No,42,No,No internet service,No internet service,Month-to-month,No,Electronic check,22.07,919.97,No
CUST-2026-11494,Female,1,Yes,No,65,DSL,No,Yes,Month-to-month,Yes,Credit card (automatic),44.7,2905.66,No
CUST-2026-11495,Female,0,Yes,No,1,No,No internet service,No internet service,Two year,Yes,Credit card (automatic),24.49,25.14,No
CUST-2026-11496,Male,0,Yes,Yes,33,Fiber optic,No,No,Month-to-month,No,Electronic check,89.87,2963.07,Yes
CUST-2026-11497,Female,0,No,No,34,Fiber optic,No,No,One year,No,Credit card (automatic),116.96,3963.12,No
CUST-2026-11498,Female,0,No,Yes,10,DSL,Yes,No,Month-to-month,No,Bank transfer (automatic),47.57,472.28,Yes
CUST-2026-11499,Male,0,Yes,No,41,Fiber optic,Yes,No,Month-to-month,Yes,Credit card (automatic),98.4,4024.4,Yes
CUST-2026-11500,Male,0,No,No,17,No,No internet service,No internet service,One year,No,Credit card (automatic),18.05,311.78,No
CUST-2026-11501,Male,0,No,No,65,Fiber optic,No,No,Month-to-month,Yes,Bank transfer (automatic),102.32,6650.87,Yes
CUST-2026-11502,Male,0,No,No,26,No,No internet service,No internet service,One year,Yes,Credit card (automatic),20.57,535.1,No
CUST-2026-11503,Female,0,Yes,Yes,36,DSL,No,No,Month-to-month,Yes,Bank transfer (automatic),41.37,1491.31,No
CUST-2026-11504,Male,1,Yes,No,6,No,No internet service,No internet service,Month-to-month,No,Bank transfer (automatic),20.6,116.03,Yes
CUST-2026-11505,Female,0,Yes,No,34,No,No internet service,No internet service,Month-to-month,No,Mailed check,22.22,763.62,No
CUST-2026-11506,Female,1,No,No,56,Fiber optic,Yes,No,Month-to-month,Yes,Electronic check,88.34,4951.73,Yes
CUST-2026-11507,Male,1,Yes,Yes,63,Fiber optic,No,No,One year,Yes,Mailed check,78.53,4947.12,Yes
CUST-2026-11508,Male,0,No,No,1,Fiber optic,No,Yes,Month-to-month,Yes,Mailed check,76.45,62.35,Yes
CUST-2026-11509,Female,0,No,No,58,Fiber optic,No,No,Month-to-month,Yes,Electronic check,102.38,5936.49,Yes
CUST-2026-11510,Male,0,No,Yes,28,Fiber optic,No,No,Month-to-month,No,Bank transfer (automatic),112.79,3161.15,Yes
CUST-2026-11511,Female,0,No,No,29,Fiber optic,No,Yes,Month-to-month,No,Electronic check,109.79,3194.9,Yes
CUST-2026-11512,Female,1,No,No,54,Fiber optic,No,No,Month-to-month,Yes,Mailed check,79.41,4274.1,Yes
CUST-2026-11513,Male,1,No,No,6,DSL,Yes,No,Month-to-month,No,Electronic check,53.47,301.62,Yes
CUST-2026-11514,Female,0,Yes,No,35,Fiber optic,No,Yes,Month-to-month,No,Electronic check,111.78,3934.64,Yes
CUST-2026-11515,Male,0,Yes,Yes,16,Fiber optic,Yes,No,Two year,No,Credit card (automatic),110.85,1789.71,Yes
CUST-2026-11516,Female,0,No,No,20,Fiber optic,No,No,One year,Yes,Electronic check,112.99,2261.66,Yes
CUST-2026-11517,Female,0,Yes,No,51,Fiber optic,No,No,Two year,Yes,Bank transfer (automatic),113.83,5798.66,Yes
CUST-2026-11518,Male,0,No,No,14,DSL,No,No,One year,No,Electronic check,40.54,565.69,Yes
CUST-2026-11519,Female,0,No,No,10,DSL,No,No,Month-to-month,No,Mailed check,48.79,485.13,Yes
CUST-2026-11520,Male,0,No,No,50,No,No internet service,No internet service,Month-to-month,Yes,Mailed check,18.45,923.27,No
CUST-2026-11521,Female,0,Yes,No,62,No,No internet service,No internet service,Month-to-month,No,Bank transfer (automatic),21.99,1371.82,No
CUST-2026-11522,Female,0,No,No,51,DSL,Yes,Yes,Month-to-month,Yes,Bank transfer (automatic),56.73,2883.01,No
CUST-2026-11523,Female,0,Yes,No,40,No,No internet service,No internet service,One year,Yes,Electronic check,18.11,712.83,No
CUST-2026-11524,Female,0,Yes,Yes,18,Fiber optic,No,Yes,Month-to-month,No,Bank transfer (automatic),103.32,1851.48,Yes
CUST-2026-11525,Male,0,Yes,No,6,No,No internet service,No internet service,Month-to-month,No,Credit card (automatic),22.05,138.78,Yes
CUST-2026-11526,Male,0,No,No,54,Fiber optic,No,No,One year,Yes,Bank transfer (automatic),117.63,6356.24,Yes
CUST-2026-11527,Male,0,Yes,Yes,30,No,No internet service,No internet service,One year,No,Electronic check,20.13,620.53,Yes
CUST-2026-11528,Female,0,No,Yes,28,DSL,No,No,One year,Yes,Bank transfer (automatic),70.7,1963.5,Yes
CUST-2026-11529,Male,0,Yes,No,38,DSL,No,No,One year,Yes,Credit card (automatic),56.8,2163.22,No
CUST-2026-11530,Male,1,No,No,51,DSL,No,No,Month-to-month,No,Mailed check,56.71,2895.51,Yes
CUST-2026-11531,Female,0,No,No,48,DSL,No,No,Month-to-month,Yes,Electronic check,51.51,2474.05,No
CUST-2026-11532,Female,1,No,Yes,66,Fiber optic,No,Yes,Two year,No,Electronic check,80.13,5288.73,Yes
CUST-2026-11533,Female,0,No,No,42,No,No internet service,No internet service,Month-to-month,No,Electronic check,19.7,848.58,No
CUST-2026-11534,Male,0,Yes,No,29,No,No internet service,No internet service,Month-to-month,No,Electronic check,23.78,698.2,Yes
CUST-2026-11535,Male,0,No,No,27,DSL,No,No,Month-to-month,No,Credit card (automatic),60.75,1646.63,Yes
CUST-2026-11536,Male,0,Yes,No,65,Fiber optic,No,No,Month-to-month,Yes,Bank transfer (automatic),102.09,6631.15,Yes
CUST-2026-11537,Female,0,Yes,Yes,20,Fiber optic,Yes,No,One year,Yes,Credit card (automatic),73.68,1457.51,No
CUST-2026-11538,Male,0,Yes,No,16,No,No internet service,No internet service,Month-to-month,Yes,Mailed check,24.33,381.75,Yes
CUST-2026-11539,Female,1,Yes,No,42,DSL,No,No,Month-to-month,No,Credit card (automatic),42.25,1792.93,No
CUST-2026-11540,Male,0,No,Yes,34,DSL,No,Yes,One year,Yes,Credit card (automatic),41.95,1405.02,No
CUST-2026-11541,Male,0,Yes,No,44,No,No internet service,No internet service,Month-to-month,Yes,Electronic check,24.54,1084.56,Yes
CUST-2026-11542,Female,0,Yes,No,53,Fiber optic,No,Yes,One year,No,Mailed check,99.66,5277.8,No
CUST-2026-11543,Female,1,Yes,No,34,DSL,No,No,Month-to-month,No,Electronic check,74.52,2533.83,Yes
CUST-2026-11544,Female,0,No,Yes,60,DSL,No,Yes,One year,No,Mailed check,45.93,2764.1,No
CUST-2026-11545,Male,0,No,No,36,DSL,No,Yes,Two year,No,Credit card (automatic),67.97,2452.35,No
CUST-2026-11546,Female,1,Yes,No,2,DSL,No,No,Month-to-month,No,Bank transfer (automatic),41.14,84.0,Yes
CUST-2026-11547,Female,0,Yes,Yes,56,No,No internet service,No internet service,Month-to-month,Yes,Mailed check,20.52,1132.58,No
CUST-2026-11548,Female,0,No,No,32,Fiber optic,No,No,Month-to-month,Yes,Electronic check,87.1,2773.81,Yes
CUST-2026-11549,Female,0,No,No,24,Fiber optic,No,Yes,Month-to-month,Yes,Electronic check,97.55,2329.62,No
CUST-2026-11550,Male,0,No,Yes,64,Fiber optic,No,No,One year,Yes,Credit card (automatic),81.89,5225.61,Yes
CUST-2026-11551,Female,0,Yes,No,47,DSL,No,No,Month-to-month,No,Credit card (automatic),50.13,2361.91,Yes
CUST-2026-11552,Female,0,No,No,11,Fiber optic,Yes,Yes,Two year,No,Electronic check,114.63,1269.87,No
CUST-2026-11553,Male,0,No,No,54,Fiber optic,Yes,No,Month-to-month,Yes,Bank transfer (automatic),112.05,6059.66,No
CUST-2026-11554,Male,0,Yes,Yes,21,DSL,No,No,One year,No,Bank transfer (automatic),57.13,1211.08,No
CUST-2026-11555,Male,0,Yes,No,16,Fiber optic,Yes,No,Month-to-month,No,Mailed check,117.66,1884.74,Yes
CUST-2026-11556,Female,0,Yes,No,1,Fiber optic,No,No,Month-to-month,Yes,Bank transfer (automatic),80.28,85.98,Yes
CUST-2026-11557,Male,0,No,Yes,14,DSL,Yes,No,Month-to-month,Yes,Bank transfer (automatic),40.83,569.37,No
CUST-2026-11558,Male,0,Yes,No,43,Fiber optic,Yes,No,Month-to-month,Yes,Credit card (automatic),95.95,4133.45,No
CUST-2026-11559,Female,1,No,Yes,27,No,No internet service,No internet service,Two year,No,Bank transfer (automatic),21.22,563.99,No
CUST-2026-11560,Female,0,Yes,Yes,5,Fiber optic,No,No,One year,No,Bank transfer (automatic),105.8,513.85,Yes
CUST-2026-11561,Female,0,No,No,35,Fiber optic,Yes,No,One year,Yes,Credit card (automatic),88.62,3099.68,Yes
CUST-2026-11562,Female,0,No,No,41,No,No internet service,No internet service,Two year,No,Bank transfer (automatic),21.65,877.36,No
CUST-2026-11563,Female,0,Yes,No,30,No,No internet service,No internet service,Two year,No,Credit card (automatic),23.95,726.97,No
CUST-2026-11564,Male,1,No,No,5,DSL,No,No,Two year,Yes,Credit card (automatic),69.89,351.07,Yes
CUST-2026-11565,Male,0,Yes,No,60,DSL,No,No,One year,No,Bank transfer (automatic),66.46,3981.52,Yes
CUST-2026-11566,Male,0,Yes,Yes,61,No,No internet service,No internet service,Month-to-month,No,Electronic check,23.41,1428.08,Yes
CUST-2026-11567,Male,1,Yes,Yes,21,No,No internet service,No internet service,Month-to-month,Yes,Bank transfer (automatic),23.29,483.27,Yes
CUST-2026-11568,Male,0,No,No,45,Fiber optic,Yes,No,One year,No,Credit card (automatic),107.04,4808.66,Yes
CUST-2026-11569,Male,0,Yes,No,48,DSL,No,No,One year,Yes,Bank transfer (automatic),52.94,2553.05,No
CUST-2026-11570,Female,0,Yes,No,47,DSL,Yes,No,Month-to-month,Yes,Electronic check,51.69,2449.36,Yes
CUST-2026-11571,Male,0,Yes,Yes,24,Fiber optic,No,Yes,Month-to-month,Yes,Electronic check,77.98,1861.92,Yes
CUST-2026-11572,Male,0,No,Yes,70,Fiber optic,No,No,One year,No,Credit card (automatic),102.68,7207.17,No
CUST-2026-11573,Male,0,No,Yes,30,Fiber optic,Yes,No,Month-to-month,Yes,Electronic check,71.65,2144.94,Yes
CUST-2026-11574,Female,0,Yes,No,66,DSL,No,Yes,One year,Yes,Bank transfer (automatic),67.95,4490.13,No
CUST-2026-11575,Male,0,No,No,68,No,No internet service,No internet service,Month-to-month,No,Electronic check,18.65,1285.77,Yes
CUST-2026-11576,Male,0,Yes,No,58,Fiber optic,No,No,Month-to-month,Yes,Bank transfer (automatic),96.36,5589.24,Yes
CUST-2026-11577,Female,1,Yes,Yes,45,Fiber optic,Yes,Yes,Two year,No,Electronic check,98.04,4400.76,Yes
CUST-2026-11578,Male,0,No,No,7,DSL,No,Yes,Month-to-month,Yes,Electronic check,50.89,351.22,Yes
CUST-2026-11579,Female,0,Yes,Yes,37,No,No internet service,No internet service,One year,Yes,Credit card (automatic),19.81,722.6,No
CUST-2026-11580,Female,0,No,No,50,Fiber optic,No,No,Two year,No,Electronic check,77.73,3893.94,Yes
CUST-2026-11581,Female,1,No,No,62,DSL,No,No,One year,No,Bank transfer (automatic),59.66,3688.58,Yes
CUST-2026-11582,Female,0,No,No,35,Fiber optic,Yes,No,One year,No,Credit card (automatic),76.35,2666.05,Yes
CUST-2026-11583,Male,0,No,No,55,DSL,No,Yes,One year,Yes,Bank transfer (automatic),56.64,3118.31,No
CUST-2026-11584,Female,0,Yes,Yes,54,Fiber optic,Yes,No,Month-to-month,Yes,Mailed check,105.72,5716.99,No
CUST-2026-11585,Female,0,No,Yes,50,Fiber optic,No,No,One year,Yes,Electronic check,93.83,4676.63,No
CUST-2026-11586,Male,0,No,No,58,DSL,No,Yes,Month-to-month,Yes,Electronic check,55.16,3201.96,Yes
CUST-2026-11587,Male,1,No,No,69,DSL,No,No,One year,No,Mailed check,69.11,4761.01,Yes
CUST-2026-11588,Male,0,Yes,No,30,Fiber optic,Yes,No,Month-to-month,No,Bank transfer (automatic),112.81,3368.57,Yes
CUST-2026-11589,Female,0,No,Yes,7,DSL,No,No,One year,Yes,Credit card (automatic),48.62,338.85,No
CUST-2026-11590,Female,0,Yes,No,57,Fiber optic,No,No,Month-to-month,Yes,Electronic check,110.36,6271.67,Yes
CUST-2026-11591,Male,0,Yes,Yes,21,No,No internet service,No internet service,One year,No,Mailed check,18.3,388.37,No
CUST-2026-11592,Male,0,No,Yes,13,Fiber optic,No,No,One year,No,Bank transfer (automatic),70.48,914.1,Yes
CUST-2026-11593,Female,0,No,Yes,47,Fiber optic,Yes,No,Month-to-month,Yes,Electronic check,80.67,3794.25,No
CUST-2026-11594,Female,0,No,No,28,No,No internet service,No internet service,Two year,Yes,Electronic check,19.33,540.38,Yes
CUST-2026-11595,Male,0,Yes,No,71,Fiber optic,No,Yes,Month-to-month,Yes,Mailed check,112.42,7990.19,Yes
CUST-2026-11596,Female,1,Yes,Yes,19,DSL,No,No,Month-to-month,Yes,Credit card (automatic),62.57,1199.92,Yes
CUST-2026-11597,Female,1,No,No,6,Fiber optic,Yes,No,Month-to-month,No,Bank transfer (automatic),114.85,678.78,Yes
CUST-2026-11598,Female,0,No,No,47,Fiber optic,No,No,Month-to-month,Yes,Bank transfer (automatic),95.7,4498.64,No
CUST-2026-11599,Female,0,Yes,No,1,DSL,No,No,Two year,Yes,Electronic check,64.36,61.51,No
CUST-2026-11600,Male,1,No,No,37,Fiber optic,No,No,Month-to-month,Yes,Mailed check,96.44,3559.96,Yes
CUST-2026-11601,Female,1,Yes,No,55,DSL,Yes,No,Month-to-month,No,Bank transfer (automatic),70.39,3883.7,Yes
CUST-2026-11602,Male,0,No,Yes,66,DSL,No,Yes,One year,No,Bank transfer (automatic),71.4,4716.68,No
CUST-2026-11603,Female,0,No,No,70,No,No internet service,No internet service,Month-to-month,Yes,Mailed check,18.64,1309.89,Yes
CUST-2026-11604,Male,0,No,No,66,No,No internet service,No internet service,Month-to-month,Yes,Mailed check,19.55,1279.23,Yes
CUST-2026-11605,Male,0,Yes,No,67,DSL,Yes,No,Two year,Yes,Credit card (automatic),74.85,5014.71,No
CUST-2026-11606,Male,0,Yes,No,37,DSL,Yes,No,Month-to-month,Yes,Mailed check,41.13,1521.12,No
CUST-2026-11607,Female,1,No,No,71,DSL,No,Yes,Month-to-month,Yes,Electronic check,40.27,2864.74,Yes
CUST-2026-11608,Male,0,No,Yes,31,Fiber optic,Yes,No,Two year,No,Bank transfer (automatic),104.2,3240.22,No
CUST-2026-11609,Male,0,No,No,26,Fiber optic,No,Yes,Month-to-month,No,Credit card (automatic),79.6,2052.38,Yes
CUST-2026-11610,Female,1,No,No,55,DSL,No,No,Month-to-month,No,Mailed check,45.81,2522.43,Yes
CUST-2026-11611,Female,0,No,No,68,DSL,Yes,No,Month-to-month,No,Electronic check,45.71,3105.88,No
CUST-2026-11612,Male,0,Yes,No,72,DSL,No,Yes,Month-to-month,Yes,Mailed check,74.95,5412.13,Yes
CUST-2026-11613,Male,0,Yes,Yes,63,Fiber optic,No,No,Two year,No,Mailed check,77.26,4880.28,No
CUST-2026-11614,Male,0,No,No,51,Fiber optic,No,No,One year,Yes,Mailed check,72.32,3686.72,Yes
CUST-2026-11615,Male,0,No,No,24,DSL,Yes,No,Month-to-month,Yes,Mailed check,65.36,1552.6,No
CUST-2026-11616,Male,0,Yes,No,61,Fiber optic,No,No,Month-to-month,No,Mailed check,102.53,6235.94,No
CUST-2026-11617,Female,0,No,Yes,14,Fiber optic,No,No,Month-to-month,Yes,Bank transfer (automatic),111.89,1566.36,No
CUST-2026-11618,Female,0,Yes,No,70,No,No internet service,No internet service,Two year,Yes,Mailed check,20.65,1450.98,No
CUST-2026-11619,Female,0,Yes,Yes,52,No,No internet service,No internet service,Month-to-month,No,Credit card (automatic),19.12,996.5,Yes
CUST-2026-11620,Male,0,No,No,9,Fiber optic,No,No,One year,No,Bank transfer (automatic),96.38,879.24,No
CUST-2026-11621,Male,0,Yes,No,72,No,No internet service,No internet service,One year,Yes,Credit card (automatic),20.3,1462.86,Yes
CUST-2026-11622,Female,1,No,No,26,DSL,Yes,No,Month-to-month,Yes,Bank transfer (automatic),51.39,1334.14,No
CUST-2026-11623,Male,0,No,Yes,53,DSL,No,No,Month-to-month,Yes,Bank transfer (automatic),55.47,2937.2,Yes
CUST-2026-11624,Male,0,No,No,12,No,No internet service,No internet service,Month-to-month,No,Credit card (automatic),23.74,272.13,No
CUST-2026-11625,Male,0,Yes,No,30,Fiber optic,No,No,One year,No,Bank transfer (automatic),103.53,3098.81,Yes
CUST-2026-11626,Female,0,Yes,No,72,Fiber optic,Yes,No,Month-to-month,No,Credit card (automatic),98.95,7121.29,Yes
CUST-2026-11627,Female,0,No,No,56,No,No internet service,No internet service,Month-to-month,No,Bank transfer (automatic),22.23,1246.0,No
CUST-2026-11628,Male,0,Yes,No,21,No,No internet service,No internet service,Month-to-month,Yes,Mailed check,22.94,456.69,Yes
CUST-2026-11629,Male,1,No,No,57,Fiber optic,Yes,No,Month-to-month,No,Credit card (automatic),107.38,6128.73,Yes
CUST-2026-11630,Male,0,No,No,32,No,No internet service,No internet service,Two year,No,Bank transfer (automatic),19.87,620.42,No
CUST-2026-11631,Male,0,No,Yes,40,DSL,No,No,Two year,No,Credit card (automatic),73.74,2952.56,No
CUST-2026-11632,Male,1,Yes,No,9,DSL,No,Yes,Month-to-month,Yes,Electronic check,63.61,571.81,Yes
CUST-2026-11633,Female,0,No,Yes,53,Fiber optic,No,No,One year,Yes,Bank transfer (automatic),85.85,4536.32,Yes
CUST-2026-11634,Male,0,No,No,14,DSL,No,No,Month-to-month,No,Electronic check,56.82,806.0,Yes
CUST-2026-11635,Female,0,No,No,20,Fiber optic,No,No,Month-to-month,Yes,Electronic check,108.75,2175.62,No
CUST-2026-11636,Female,0,Yes,No,29,Fiber optic,Yes,Yes,Month-to-month,Yes,Mailed check,91.97,2655.56,Yes
CUST-2026-11637,Male,0,Yes,No,67,DSL,Yes,Yes,Month-to-month,No,Electronic check,43.69,2925.64,Yes
CUST-2026-11638,Female,0,No,No,63,DSL,Yes,No,One year,Yes,Electronic check,54.77,3439.41,No
CUST-2026-11639,Female,0,No,No,50,DSL,No,No,Month-to-month,Yes,Credit card (automatic),59.66,2979.68,No
CUST-2026-11640,Male,0,Yes,No,3,No,No internet service,No internet service,Month-to-month,Yes,Mailed check,18.23,58.74,Yes
CUST-2026-11641,Male,0,No,No,38,Fiber optic,No,Yes,One year,Yes,Bank transfer (automatic),110.63,4191.27,No
CUST-2026-11642,Male,0,Yes,No,1,No,No internet service,No internet service,Month-to-month,Yes,Mailed check,22.28,35.93,No
CUST-2026-11643,Male,0,No,No,29,No,No internet service,No internet service,Two year,Yes,Credit card (automatic),21.98,640.64,Yes
CUST-2026-11644,Male,0,Yes,No,10,Fiber optic,No,Yes,Month-to-month,No,Bank transfer (automatic),74.45,746.0,Yes
CUST-2026-11645,Male,1,No,No,20,DSL,Yes,No,Month-to-month,Yes,Electronic check,58.32,1194.96,Yes
CUST-2026-11646,Female,0,Yes,No,50,DSL,No,No,Month-to-month,Yes,Electronic check,44.97,2237.99,Yes
CUST-2026-11647,Female,0,Yes,Yes,43,DSL,No,No,One year,No,Electronic check,62.64,2696.25,Yes
CUST-2026-11648,Female,0,No,No,25,Fiber optic,No,No,Month-to-month,No,Credit card (automatic),106.5,2656.86,Yes
CUST-2026-11649,Female,0,Yes,Yes,44,No,No internet service,No internet service,One year,Yes,Electronic check,22.52,997.69,No
CUST-2026-11650,Male,1,Yes,Yes,4,Fiber optic,No,No,Two year,Yes,Mailed check,111.59,461.05,Yes
CUST-2026-11651,Female,0,No,Yes,16,DSL,Yes,No,Two year,Yes,Credit card (automatic),41.28,661.17,No
CUST-2026-11652,Male,1,Yes,No,36,DSL,No,No,Month-to-month,Yes,Electronic check,47.52,1699.48,Yes
CUST-2026-11653,Male,0,Yes,No,11,Fiber optic,No,No,One year,No,Mailed check,91.69,1012.58,No
CUST-2026-11654,Male,0,No,No,9,Fiber optic,Yes,Yes,One year,No,Bank transfer (automatic),83.9,749.79,Yes
CUST-2026-11655,Female,1,No,Yes,40,DSL,No,No,Month-to-month,Yes,Credit card (automatic),48.99,1974.38,Yes
CUST-2026-11656,Male,0,Yes,No,72,DSL,Yes,No,One year,No,Credit card (automatic),68.91,4963.95,Yes
CUST-2026-11657,Female,0,No,Yes,5,DSL,No,Yes,Month-to-month,Yes,Credit card (automatic),66.16,338.14,No
CUST-2026-11658,Male,0,Yes,No,41,Fiber optic,No,No,Month-to-month,Yes,Bank transfer (automatic),115.91,4772.54,Yes
CUST-2026-11659,Female,1,No,No,53,DSL,Yes,Yes,One year,Yes,Bank transfer (automatic),67.11,3555.02,No
CUST-2026-11660,Male,1,No,No,68,No,No internet service,No internet service,One year,No,Credit card (automatic),22.11,1498.75,No
CUST-2026-11661,Male,0,No,No,46,DSL,Yes,No,Month-to-month,Yes,Credit card (automatic),67.45,3107.53,Yes
CUST-2026-11662,Male,0,No,No,46,DSL,No,No,Two year,Yes,Credit card (automatic),51.35,2342.78,No
CUST-2026-11663,Male,0,No,No,21,No,No internet service,No internet service,Month-to-month,Yes,Electronic check,18.29,369.97,Yes
CUST-2026-11664,Female,0,No,No,22,DSL,Yes,No,Month-to-month,Yes,Mailed check,50.8,1103.65,Yes
CUST-2026-11665,Female,0,No,No,9,No,No internet service,No internet service,Two year,No,Mailed check,19.64,168.22,No
CUST-2026-11666,Female,0,Yes,Yes,31,Fiber optic,No,Yes,Month-to-month,Yes,Mailed check,72.69,2237.7,No
CUST-2026-11667,Male,1,No,No,15,DSL,Yes,No,One year,No,Bank transfer (automatic),48.23,730.76,Yes
CUST-2026-11668,Male,0,No,No,22,Fiber optic,Yes,No,Month-to-month,No,Mailed check,75.74,1669.25,Yes
CUST-2026-11669,Male,0,No,No,6,Fiber optic,Yes,No,Month-to-month,No,Electronic check,116.16,696.21,Yes
CUST-2026-11670,Male,1,Yes,No,18,DSL,Yes,No,Month-to-month,Yes,Mailed check,70.82,1271.34,No
CUST-2026-11671,Male,0,Yes,Yes,41,Fiber optic,No,No,Month-to-month,No,Mailed check,102.61,4184.06,No
CUST-2026-11672,Female,1,Yes,No,62,Fiber optic,No,No,Month-to-month,Yes,Electronic check,94.47,5841.17,Yes
CUST-2026-11673,Male,0,Yes,No,58,DSL,Yes,No,One year,Yes,Credit card (automatic),50.88,2946.81,Yes
CUST-2026-11674,Female,0,No,No,58,DSL,No,No,One year,Yes,Mailed check,44.92,2617.68,Yes
CUST-2026-11675,Female,1,Yes,Yes,36,DSL,No,Yes,Month-to-month,Yes,Electronic check,40.08,1447.21,No
CUST-2026-11676,Male,0,No,No,18,DSL,No,Yes,Month-to-month,No,Mailed check,41.21,724.46,Yes
CUST-2026-11677,Male,0,Yes,No,33,DSL,No,Yes,Two year,Yes,Bank transfer (automatic),59.63,1947.81,No
CUST-2026-11678,Female,0,No,No,69,No,No internet service,No internet service,Month-to-month,Yes,Mailed check,19.94,1383.0,No
CUST-2026-11679,Female,0,No,No,67,DSL,Yes,Yes,One year,Yes,Electronic check,63.73,4275.48,Yes
CUST-2026-11680,Male,0,No,No,39,DSL,No,No,Month-to-month,No,Mailed check,72.51,2816.34,Yes
CUST-2026-11681,Female,0,No,No,11,No,No internet service,No internet service,Month-to-month,No,Electronic check,24.06,262.83,Yes
CUST-2026-11682,Male,1,Yes,No,50,DSL,Yes,No,One year,No,Credit card (automatic),42.99,2142.71,No
CUST-2026-11683,Female,0,Yes,Yes,72,DSL,No,Yes,One year,No,Mailed check,54.72,3952.72,No
CUST-2026-11684,Male,0,No,No,72,Fiber optic,No,Yes,Month-to-month,Yes,Credit card (automatic),70.92,5116.16,No
CUST-2026-11685,Female,0,Yes,No,51,Fiber optic,No,No,Two year,Yes,Mailed check,84.7,4316.9,No
CUST-2026-11686,Male,1,Yes,Yes,42,No,No internet service,No internet service,One year,Yes,Electronic check,22.54,973.05,No
CUST-2026-11687,Female,0,Yes,Yes,53,No,No internet service,No internet service,One year,No,Electronic check,23.61,1249.91,No
CUST-2026-11688,Female,0,No,No,47,Fiber optic,No,No,Two year,Yes,Electronic check,109.91,5171.33,Yes
CUST-2026-11689,Male,1,No,No,57,Fiber optic,No,No,One year,Yes,Electronic check,89.03,5079.29,Yes
CUST-2026-11690,Male,0,No,No,69,Fiber optic,No,Yes,Two year,Yes,Electronic check,100.87,6959.87,No
CUST-2026-11691,Female,0,Yes,No,50,No,No internet service,No internet service,Month-to-month,Yes,Mailed check,24.96,1248.33,No
CUST-2026-11692,Female,0,Yes,No,52,DSL,Yes,No,One year,No,Bank transfer (automatic),64.57,3349.86,Yes
CUST-2026-11693,Female,0,Yes,No,26,No,No internet service,No internet service,Month-to-month,Yes,Electronic check,23.78,605.44,Yes
CUST-2026-11694,Male,0,No,No,9,Fiber optic,No,No,Two year,Yes,Mailed check,103.11,927.47,Yes
CUST-2026-11695,Female,0,No,No,13,DSL,No,Yes,Month-to-month,Yes,Credit card (automatic),73.27,951.27,No
CUST-2026-11696,Female,0,No,No,33,Fiber optic,No,No,Month-to-month,Yes,Mailed check,71.87,2380.51,No
CUST-2026-11697,Female,0,Yes,No,11,No,No internet service,No internet service,Month-to-month,Yes,Mailed check,24.05,275.72,Yes
CUST-2026-11698,Male,0,No,Yes,23,Fiber optic,No,No,Two year,No,Mailed check,105.85,2431.94,No
CUST-2026-11699,Female,0,No,No,28,Fiber optic,Yes,No,Month-to-month,Yes,Bank transfer (automatic),81.47,2287.49,Yes
CUST-2026-11700,Female,0,Yes,No,68,Fiber optic,Yes,No,One year,No,Credit card (automatic),117.72,8000.84,No
CUST-2026-11701,Male,0,No,Yes,1,Fiber optic,No,No,Month-to-month,Yes,Electronic check,113.14,118.81,Yes
CUST-2026-11702,Male,1,No,No,65,No,No internet service,No internet service,Month-to-month,Yes,Electronic check,19.05,1237.99,No
CUST-2026-11703,Male,0,No,No,19,DSL,No,No,Month-to-month,Yes,Electronic check,55.41,1077.54,Yes
CUST-2026-11704,Female,1,Yes,No,33,No,No internet service,No internet service,Month-to-month,No,Electronic check,22.58,752.29,No
CUST-2026-11705,Female,0,No,Yes,1,Fiber optic,No,Yes,Two year,Yes,Electronic check,104.0,101.83,No
CUST-2026-11706,Female,0,Yes,No,2,Fiber optic,No,Yes,Two year,Yes,Credit card (automatic),75.12,138.4,No
CUST-2026-11707,Male,0,Yes,No,17,Fiber optic,No,No,Month-to-month,Yes,Mailed check,112.77,1906.9,Yes
CUST-2026-11708,Female,0,Yes,No,66,Fiber optic,Yes,No,Month-to-month,No,Bank transfer (automatic),86.52,5711.02,No
CUST-2026-11709,Male,0,No,No,23,Fiber optic,No,No,Two year,Yes,Credit card (automatic),113.58,2610.56,Yes
CUST-2026-11710,Male,1,Yes,Yes,15,DSL,No,No,Month-to-month,Yes,Credit card (automatic),49.26,741.93,Yes
CUST-2026-11711,Female,0,Yes,Yes,29,Fiber optic,No,No,Month-to-month,Yes,Bank transfer (automatic),78.87,2269.78,Yes
CUST-2026-11712,Female,0,Yes,No,23,Fiber optic,No,No,One year,Yes,Electronic check,100.38,2290.61,Yes
CUST-2026-11713,Female,0,No,Yes,70,Fiber optic,No,Yes,Two year,Yes,Electronic check,104.43,7311.73,No
CUST-2026-11714,Female,0,No,Yes,3,Fiber optic,Yes,No,Month-to-month,No,Credit card (automatic),100.91,311.19,No
CUST-2026-11715,Male,0,Yes,No,42,Fiber optic,Yes,Yes,Month-to-month,Yes,Electronic check,85.4,3577.74,No
CUST-2026-11716,Female,0,Yes,Yes,37,Fiber optic,Yes,No,One year,Yes,Credit card (automatic),77.5,2853.05,Yes
CUST-2026-11717,Male,1,No,Yes,40,DSL,Yes,No,Two year,Yes,Electronic check,73.74,2956.61,No
CUST-2026-11718,Male,0,No,Yes,10,DSL,No,No,Month-to-month,Yes,Electronic check,62.88,629.7,Yes
CUST-2026-11719,Male,0,No,No,54,DSL,No,No,Month-to-month,Yes,Bank transfer (automatic),65.72,3559.09,Yes
CUST-2026-11720,Female,0,Yes,No,71,Fiber optic,No,No,One year,No,Electronic check,81.06,5762.05,No
CUST-2026-11721,Male,0,No,No,68,DSL,No,No,One year,Yes,Credit card (automatic),45.59,3099.04,Yes
CUST-2026-11722,Female,0,No,Yes,27,DSL,No,No,Month-to-month,No,Electronic check,46.97,1265.51,Yes
CUST-2026-11723,Female,0,No,No,61,Fiber optic,No,Yes,Month-to-month,No,Mailed check,116.86,7129.52,Yes
CUST-2026-11724,Female,0,Yes,No,33,No,No internet service,No internet service,Month-to-month,Yes,Credit card (automatic),23.29,760.79,No
CUST-2026-11725,Male,0,Yes,No,16,No,No internet service,No internet service,Month-to-month,Yes,Mailed check,23.29,369.71,Yes
CUST-2026-11726,Female,0,No,Yes,51,Fiber optic,No,No,Two year,Yes,Electronic check,80.48,4087.07,No
CUST-2026-11727,Male,1,Yes,No,20,No,No internet service,No internet service,Month-to-month,No,Electronic check,24.63,506.85,No
CUST-2026-11728,Female,0,Yes,No,35,No,No internet service,No internet service,Month-to-month,Yes,Mailed check,21.09,734.9,No
CUST-2026-11729,Male,0,No,No,33,DSL,No,Yes,Month-to-month,Yes,Credit card (automatic),56.78,1885.48,Yes
CUST-2026-11730,Male,1,No,No,45,No,No internet service,No internet service,Month-to-month,Yes,Electronic check,20.76,935.62,No
CUST-2026-11731,Female,0,No,Yes,25,No,No internet service,No internet service,One year,No,Mailed check,19.72,498.37,Yes
CUST-2026-11732,Female,0,Yes,No,38,No,No internet service,No internet service,Two year,No,Credit card (automatic),20.94,803.34,Yes
CUST-2026-11733,Female,0,No,No,63,No,No internet service,No internet service,One year,No,Credit card (automatic),22.88,1442.8,No
CUST-2026-11734,Female,0,Yes,Yes,70,No,No internet service,No internet service,Month-to-month,Yes,Credit card (automatic),24.18,1687.5,No
CUST-2026-11735,Male,1,Yes,No,36,No,No internet service,No internet service,Month-to-month,No,Bank transfer (automatic),21.55,769.27,No
CUST-2026-11736,Male,0,No,No,5,Fiber optic,Yes,No,Month-to-month,No,Electronic check,90.92,439.32,Yes
CUST-2026-11737,Male,0,Yes,Yes,41,DSL,Yes,No,One year,No,Electronic check,58.62,2403.94,Yes
CUST-2026-11738,Female,1,No,No,41,Fiber optic,No,Yes,Month-to-month,Yes,Mailed check,74.72,3052.55,No
CUST-2026-11739,Female,0,Yes,No,53,DSL,No,No,Month-to-month,Yes,Bank transfer (automatic),53.13,2820.68,No
CUST-2026-11740,Female,0,Yes,No,25,Fiber optic,No,Yes,Two year,Yes,Electronic check,112.5,2806.72,Yes
CUST-2026-11741,Male,1,Yes,No,26,Fiber optic,No,No,Two year,No,Electronic check,75.88,1976.41,Yes
CUST-2026-11742,Male,0,No,No,47,DSL,Yes,Yes,One year,Yes,Credit card (automatic),69.67,3295.65,No
CUST-2026-11743,Male,1,Yes,Yes,53,Fiber optic,No,No,Two year,Yes,Electronic check,82.27,4354.62,No
CUST-2026-11744,Female,0,No,No,43,Fiber optic,No,No,One year,Yes,Bank transfer (automatic),96.69,4150.14,Yes
CUST-2026-11745,Female,0,No,No,72,Fiber optic,Yes,No,Month-to-month,Yes,Electronic check,110.7,7991.45,Yes
CUST-2026-11746,Male,0,No,No,7,Fiber optic,Yes,No,One year,Yes,Electronic check,93.87,660.22,No
CUST-2026-11747,Female,0,Yes,Yes,3,Fiber optic,Yes,No,Month-to-month,No,Mailed check,83.37,252.58,No
CUST-2026-11748,Male,0,No,Yes,71,DSL,Yes,No,Two year,No,Bank transfer (automatic),72.1,5125.82,No
CUST-2026-11749,Female,0,No,No,19,DSL,Yes,No,Two year,Yes,Bank transfer (automatic),74.36,1407.31,No
CUST-2026-11750,Male,1,No,No,49,No,No internet service,No internet service,One year,No,Mailed check,21.25,1049.44,No
CUST-2026-11751,Female,0,No,No,16,No,No internet service,No internet service,One year,No,Electronic check,24.13,384.31,Yes
CUST-2026-11752,Male,0,No,No,41,No,No internet service,No internet service,Two year,No,Electronic check,23.56,971.96,No
CUST-2026-11753,Male,0,Yes,Yes,40,Fiber optic,No,No,Month-to-month,Yes,Credit card (automatic),102.18,4098.14,Yes
CUST-2026-11754,Male,1,Yes,No,18,DSL,No,No,Month-to-month,No,Bank transfer (automatic),66.57,1212.56,Yes
CUST-2026-11755,Female,0,No,Yes,8,DSL,No,No,Month-to-month,No,Mailed check,70.4,569.23,No
CUST-2026-11756,Male,0,Yes,Yes,64,DSL,No,Yes,Two year,No,Bank transfer (automatic),48.6,3104.68,No
CUST-2026-11757,Male,0,No,No,20,Fiber optic,No,No,One year,Yes,Electronic check,93.85,1863.41,Yes
CUST-2026-11758,Female,0,No,No,34,No,No internet service,No internet service,Month-to-month,Yes,Mailed check,21.6,739.91,No
CUST-2026-11759,Female,1,No,No,71,DSL,No,No,Two year,Yes,Bank transfer (automatic),52.15,3679.52,No
CUST-2026-11760,Male,1,No,No,72,Fiber optic,Yes,No,Two year,Yes,Electronic check,107.4,7725.67,No
CUST-2026-11761,Male,0,Yes,Yes,31,Fiber optic,Yes,Yes,One year,No,Bank transfer (automatic),107.11,3302.3,Yes
CUST-2026-11762,Male,0,No,No,6,DSL,No,Yes,One year,Yes,Electronic check,67.35,405.21,No
CUST-2026-11763,Female,0,No,Yes,15,DSL,No,No,Month-to-month,Yes,Credit card (automatic),61.88,934.05,Yes
CUST-2026-11764,Female,0,No,No,11,DSL,No,No,Month-to-month,Yes,Credit card (automatic),64.0,694.27,Yes
CUST-2026-11765,Male,0,Yes,No,53,No,No internet service,No internet service,Two year,Yes,Electronic check,22.62,1194.03,No
CUST-2026-11766,Male,0,Yes,Yes,43,Fiber optic,No,Yes,Month-to-month,Yes,Credit card (automatic),72.43,3115.1,No
CUST-2026-11767,Male,0,Yes,No,55,Fiber optic,No,Yes,One year,No,Electronic check,96.43,5308.19,No
CUST-2026-11768,Female,0,No,No,44,DSL,Yes,No,Month-to-month,No,Electronic check,63.99,2843.5,Yes
CUST-2026-11769,Male,0,No,No,19,No,No internet service,No internet service,Month-to-month,No,Bank transfer (automatic),20.39,388.09,Yes
CUST-2026-11770,Male,0,Yes,No,7,Fiber optic,No,No,One year,Yes,Electronic check,101.47,726.18,No
CUST-2026-11771,Female,1,No,No,19,Fiber optic,Yes,No,Month-to-month,No,Bank transfer (automatic),117.54,2231.26,No
CUST-2026-11772,Female,1,Yes,Yes,33,No,No internet service,No internet service,Two year,Yes,Bank transfer (automatic),23.17,769.07,No
CUST-2026-11773,Female,0,No,No,41,No,No internet service,No internet service,Month-to-month,No,Mailed check,20.34,847.5,Yes
CUST-2026-11774,Female,0,No,No,5,Fiber optic,No,Yes,One year,Yes,Bank transfer (automatic),104.04,505.67,Yes
CUST-2026-11775,Female,1,Yes,No,56,Fiber optic,No,No,Two year,Yes,Bank transfer (automatic),97.38,5468.22,Yes
CUST-2026-11776,Female,0,Yes,No,37,Fiber optic,No,No,Month-to-month,Yes,Credit card (automatic),106.54,3929.55,Yes
CUST-2026-11777,Male,0,Yes,Yes,68,DSL,Yes,No,Two year,Yes,Mailed check,54.49,3708.4,No
CUST-2026-11778,Male,0,No,Yes,60,DSL,No,No,Month-to-month,No,Electronic check,42.79,2572.54,Yes
CUST-2026-11779,Female,1,Yes,No,8,Fiber optic,Yes,No,One year,No,Electronic check,104.92,824.86,Yes
CUST-2026-11780,Female,0,No,No,47,DSL,No,No,Two year,Yes,Electronic check,43.63,2048.83,No
CUST-2026-11781,Female,0,No,Yes,27,DSL,No,No,Month-to-month,No,Bank transfer (automatic),51.99,1397.31,Yes
CUST-2026-11782,Male,0,No,Yes,56,Fiber optic,No,No,Month-to-month,Yes,Bank transfer (automatic),107.75,6044.03,Yes
CUST-2026-11783,Female,1,No,No,12,No,No internet service,No internet service,Month-to-month,Yes,Electronic check,22.49,264.42,Yes
CUST-2026-11784,Male,0,Yes,No,39,Fiber optic,No,No,Month-to-month,Yes,Electronic check,111.2,4344.47,Yes
CUST-2026-11785,Female,0,Yes,Yes,5,Fiber optic,No,No,Month-to-month,No,Mailed check,113.81,549.49,Yes
CUST-2026-11786,Male,0,No,Yes,4,Fiber optic,No,No,Two year,Yes,Electronic check,115.48,439.15,Yes
CUST-2026-11787,Male,1,No,No,18,Fiber optic,No,No,Month-to-month,Yes,Mailed check,70.34,1271.12,Yes
CUST-2026-11788,Male,0,No,No,51,Fiber optic,Yes,Yes,Month-to-month,Yes,Credit card (automatic),74.52,3799.62,Yes
CUST-2026-11789,Female,0,Yes,No,36,Fiber optic,No,Yes,Month-to-month,Yes,Bank transfer (automatic),96.54,3470.28,Yes
CUST-2026-11790,Female,0,Yes,No,61,No,No internet service,No internet service,Two year,Yes,Electronic check,19.35,1157.55,No
CUST-2026-11791,Male,0,Yes,Yes,29,Fiber optic,No,No,One year,Yes,Credit card (automatic),104.38,3021.93,No
CUST-2026-11792,Male,1,No,No,20,Fiber optic,Yes,No,Month-to-month,Yes,Credit card (automatic),85.13,1690.14,Yes
CUST-2026-11793,Female,0,Yes,No,39,No,No internet service,No internet service,One year,No,Credit card (automatic),18.2,704.94,No
CUST-2026-11794,Female,0,No,No,42,Fiber optic,Yes,No,Month-to-month,Yes,Mailed check,102.57,4302.42,No
CUST-2026-11795,Male,1,Yes,Yes,25,No,No internet service,No internet service,Month-to-month,Yes,Electronic check,22.22,552.85,Yes
CUST-2026-11796,Female,0,No,No,8,Fiber optic,No,No,One year,No,Mailed check,93.06,736.38,No
CUST-2026-11797,Female,0,Yes,Yes,62,Fiber optic,Yes,No,Month-to-month,Yes,Credit card (automatic),108.07,6702.72,Yes
CUST-2026-11798,Male,0,Yes,No,2,Fiber optic,Yes,Yes,Month-to-month,No,Electronic check,89.22,175.24,Yes
CUST-2026-11799,Male,0,No,No,9,No,No internet service,No internet service,Month-to-month,Yes,Electronic check,23.26,213.01,Yes
CUST-2026-11800,Female,0,Yes,Yes,53,Fiber optic,No,No,Month-to-month,Yes,Bank transfer (automatic),113.63,6016.56,Yes
CUST-2026-11801,Female,1,Yes,No,29,DSL,No,No,Month-to-month,Yes,Bank transfer (automatic),52.65,1526.3,No
CUST-2026-11802,Female,1,Yes,Yes,49,Fiber optic,Yes,No,Two year,Yes,Bank transfer (automatic),114.76,5626.8,No
CUST-2026-11803,Female,1,Yes,No,14,DSL,Yes,Yes,Two year,Yes,Mailed check,63.94,889.01,Yes
CUST-2026-11804,Male,0,Yes,No,39,DSL,No,No,Month-to-month,Yes,Electronic check,54.09,2120.52,Yes
CUST-2026-11805,Male,0,No,No,17,No,No internet service,No internet service,Month-to-month,Yes,Bank transfer (automatic),19.5,336.41,No
CUST-2026-11806,Female,0,Yes,No,28,Fiber optic,No,Yes,Month-to-month,No,Mailed check,111.46,3111.33,No
CUST-2026-11807,Male,0,No,No,23,DSL,No,No,Month-to-month,Yes,Mailed check,73.56,1687.14,Yes
CUST-2026-11808,Female,0,Yes,No,41,Fiber optic,No,No,Month-to-month,No,Credit card (automatic),87.73,3601.2,No
CUST-2026-11809,Female,0,No,No,32,Fiber optic,No,Yes,Month-to-month,Yes,Electronic check,99.85,3194.61,Yes
CUST-2026-11810,Male,0,Yes,No,18,DSL,No,No,Two year,Yes,Electronic check,55.98,1023.73,No
CUST-2026-11811,Male,1,No,No,7,No,No internet service,No internet service,Month-to-month,Yes,Mailed check,23.98,166.33,Yes
CUST-2026-11812,Female,0,Yes,No,40,DSL,Yes,No,Month-to-month,Yes,Bank transfer (automatic),49.66,1992.87,No
CUST-2026-11813,Female,0,No,No,60,DSL,Yes,Yes,Month-to-month,No,Mailed check,55.65,3351.48,Yes
CUST-2026-11814,Male,0,Yes,Yes,72,No,No internet service,No internet service,Month-to-month,No,Electronic check,18.33,1328.89,Yes
CUST-2026-11815,Male,0,Yes,No,44,Fiber optic,No,No,Month-to-month,Yes,Electronic check,91.54,4028.37,Yes
CUST-2026-11816,Female,0,Yes,No,57,No,No internet service,No internet service,Month-to-month,No,Mailed check,21.6,1238.04,Yes
CUST-2026-11817,Female,0,No,No,66,Fiber optic,No,No,Month-to-month,No,Mailed check,96.78,6407.27,Yes
CUST-2026-11818,Female,0,Yes,No,60,Fiber optic,Yes,Yes,Two year,No,Credit card (automatic),112.55,6736.85,No
CUST-2026-11819,Male,0,Yes,No,30,No,No internet service,No internet service,Month-to-month,Yes,Credit card (automatic),23.7,720.64,Yes
CUST-2026-11820,Female,1,No,No,46,Fiber optic,Yes,No,Month-to-month,No,Bank transfer (automatic),77.46,3563.09,Yes
CUST-2026-11821,Female,0,Yes,No,57,Fiber optic,No,No,Month-to-month,Yes,Electronic check,102.31,5815.09,No
CUST-2026-11822,Male,0,No,No,10,DSL,No,No,Month-to-month,Yes,Electronic check,65.9,664.36,Yes
CUST-2026-11823,Female,0,Yes,No,17,Fiber optic,No,No,Month-to-month,Yes,Credit card (automatic),105.48,1783.84,Yes
CUST-2026-11824,Female,1,No,Yes,17,Fiber optic,Yes,No,Two year,Yes,Electronic check,88.07,1481.88,No
CUST-2026-11825,Male,0,Yes,No,18,DSL,Yes,Yes,Month-to-month,Yes,Electronic check,63.85,1145.59,Yes
CUST-2026-11826,Female,0,Yes,No,57,Fiber optic,No,No,Month-to-month,No,Credit card (automatic),88.7,5051.68,Yes
CUST-2026-11827,Female,0,No,No,21,DSL,No,No,Month-to-month,No,Electronic check,44.56,928.47,No
CUST-2026-11828,Male,0,Yes,Yes,12,DSL,No,No,Two year,Yes,Electronic check,67.66,804.46,Yes
CUST-2026-11829,Female,0,Yes,No,10,Fiber optic,Yes,No,Two year,Yes,Electronic check,110.74,1122.37,Yes
CUST-2026-11830,Female,0,No,No,11,Fiber optic,No,No,Two year,No,Electronic check,90.38,992.9,Yes
CUST-2026-11831,Female,0,No,No,43,Fiber optic,No,Yes,One year,No,Mailed check,117.18,5060.66,Yes
CUST-2026-11832,Male,0,Yes,No,31,No,No internet service,No internet service,Month-to-month,No,Mailed check,20.1,617.19,No
CUST-2026-11833,Male,0,No,No,37,No,No internet service,No internet service,One year,Yes,Bank transfer (automatic),18.62,676.31,No
CUST-2026-11834,Female,0,No,No,11,Fiber optic,No,No,Month-to-month,No,Electronic check,112.3,1245.4,Yes
CUST-2026-11835,Female,0,No,Yes,52,Fiber optic,No,No,Month-to-month,Yes,Credit card (automatic),96.54,5004.18,Yes
CUST-2026-11836,Male,1,Yes,No,7,Fiber optic,No,No,Month-to-month,No,Mailed check,108.46,762.64,Yes
CUST-2026-11837,Female,1,No,Yes,17,DSL,No,Yes,Month-to-month,No,Bank transfer (automatic),59.58,1014.84,Yes
CUST-2026-11838,Female,0,Yes,No,44,Fiber optic,Yes,No,Month-to-month,Yes,Credit card (automatic),114.59,5039.72,Yes
CUST-2026-11839,Male,0,No,No,35,Fiber optic,No,No,Month-to-month,Yes,Credit card (automatic),73.59,2581.71,No
CUST-2026-11840,Male,0,No,No,20,No,No internet service,No internet service,One year,No,Bank transfer (automatic),18.62,367.98,No
CUST-2026-11841,Female,0,Yes,No,70,DSL,Yes,No,Month-to-month,No,Mailed check,40.48,2834.06,No
CUST-2026-11842,Male,0,Yes,Yes,40,No,No internet service,No internet service,Month-to-month,No,Electronic check,20.68,847.55,No
CUST-2026-11843,Female,0,No,No,12,Fiber optic,No,Yes,One year,Yes,Credit card (automatic),115.36,1376.2,No
CUST-2026-11844,Male,0,No,Yes,14,DSL,No,Yes,One year,No,Electronic check,54.67,758.77,Yes
CUST-2026-11845,Male,0,Yes,No,58,DSL,No,No,Month-to-month,No,Electronic check,46.29,2672.6,No
CUST-2026-11846,Male,1,No,No,2,Fiber optic,No,Yes,One year,No,Credit card (automatic),101.27,194.94,No
CUST-2026-11847,Female,0,No,No,60,DSL,Yes,Yes,Month-to-month,Yes,Bank transfer (automatic),66.0,3944.0,No
CUST-2026-11848,Male,0,Yes,No,68,Fiber optic,No,No,Month-to-month,No,Bank transfer (automatic),103.9,7074.07,Yes
CUST-2026-11849,Male,0,Yes,No,27,DSL,Yes,No,Month-to-month,No,Bank transfer (automatic),44.02,1193.69,Yes
CUST-2026-11850,Female,0,Yes,No,20,Fiber optic,No,Yes,Month-to-month,Yes,Electronic check,116.93,2343.82,Yes
CUST-2026-11851,Female,0,No,No,63,DSL,No,Yes,Month-to-month,No,Electronic check,65.47,4123.56,Yes
CUST-2026-11852,Male,0,No,Yes,6,DSL,No,No,Month-to-month,Yes,Mailed check,60.26,367.79,No
CUST-2026-11853,Female,0,No,No,43,Fiber optic,No,Yes,Month-to-month,Yes,Mailed check,113.11,4861.6,Yes
CUST-2026-11854,Male,0,No,No,21,Fiber optic,Yes,No,Month-to-month,No,Bank transfer (automatic),105.19,2193.03,Yes
CUST-2026-11855,Female,0,Yes,No,48,Fiber optic,No,No,Two year,Yes,Electronic check,115.25,5531.07,No
CUST-2026-11856,Male,0,Yes,Yes,55,No,No internet service,No internet service,Two year,No,Mailed check,18.56,1027.43,No
CUST-2026-11857,Female,1,Yes,No,7,DSL,No,Yes,Month-to-month,No,Electronic check,46.2,328.4,Yes
CUST-2026-11858,Male,0,No,No,50,No,No internet service,No internet service,One year,Yes,Electronic check,21.84,1094.78,No
CUST-2026-11859,Male,0,No,No,54,Fiber optic,No,No,Month-to-month,No,Credit card (automatic),72.55,3920.78,Yes
CUST-2026-11860,Male,0,No,No,11,DSL,No,No,Two year,Yes,Electronic check,53.6,587.42,Yes
CUST-2026-11861,Female,0,No,No,54,DSL,No,No,Two year,No,Credit card (automatic),66.06,3591.31,Yes
CUST-2026-11862,Female,0,No,No,59,DSL,No,Yes,Two year,Yes,Bank transfer (automatic),47.41,2825.57,No
CUST-2026-11863,Female,0,Yes,No,35,No,No internet service,No internet service,One year,Yes,Electronic check,23.96,850.5,No
CUST-2026-11864,Female,0,No,No,41,Fiber optic,No,No,Two year,No,Mailed check,113.7,4654.08,No
CUST-2026-11865,Female,0,No,No,59,DSL,No,No,Month-to-month,No,Mailed check,69.56,4106.38,Yes
CUST-2026-11866,Male,1,No,No,40,DSL,Yes,Yes,One year,No,Bank transfer (automatic),71.72,2857.47,Yes
CUST-2026-11867,Female,0,Yes,No,17,No,No internet service,No internet service,One year,Yes,Mailed check,18.53,320.16,No
CUST-2026-11868,Female,0,Yes,No,1,DSL,No,Yes,Two year,No,Electronic check,57.87,44.74,No
CUST-2026-11869,Female,0,Yes,No,3,Fiber optic,No,No,Month-to-month,Yes,Credit card (automatic),83.24,246.89,Yes
CUST-2026-11870,Male,1,No,No,69,DSL,Yes,No,One year,Yes,Electronic check,72.9,5032.12,Yes
CUST-2026-11871,Female,0,Yes,No,57,DSL,No,No,Two year,No,Bank transfer (automatic),50.31,2868.07,No
CUST-2026-11872,Male,1,No,No,69,No,No internet service,No internet service,One year,No,Mailed check,24.13,1645.28,No
CUST-2026-11873,Male,0,No,No,30,Fiber optic,Yes,No,Month-to-month,No,Credit card (automatic),87.09,2598.43,Yes
CUST-2026-11874,Male,0,No,No,28,Fiber optic,Yes,Yes,Two year,Yes,Electronic check,106.69,2989.98,No
CUST-2026-11875,Male,0,Yes,No,59,No,No internet service,No internet service,One year,Yes,Electronic check,18.01,1067.55,Yes
CUST-2026-11876,Male,0,No,No,42,Fiber optic,No,Yes,One year,No,Mailed check,76.92,3222.24,No
CUST-2026-11877,Male,0,Yes,No,55,Fiber optic,Yes,Yes,Month-to-month,No,Mailed check,105.8,5832.67,Yes
CUST-2026-11878,Female,1,No,Yes,32,Fiber optic,No,No,Month-to-month,Yes,Mailed check,79.97,2553.96,Yes
CUST-2026-11879,Female,0,No,No,46,No,No internet service,No internet service,Month-to-month,No,Mailed check,18.2,827.74,No
CUST-2026-11880,Female,0,No,No,46,Fiber optic,No,Yes,Two year,No,Electronic check,98.22,4520.59,No
CUST-2026-11881,Male,0,Yes,No,18,Fiber optic,No,No,Month-to-month,No,Bank transfer (automatic),89.9,1624.2,No
CUST-2026-11882,Male,0,No,No,52,Fiber optic,No,Yes,Month-to-month,Yes,Electronic check,70.13,3659.17,Yes
CUST-2026-11883,Male,0,Yes,Yes,48,DSL,No,No,One year,No,Mailed check,65.56,3145.21,Yes
CUST-2026-11884,Female,0,No,No,8,No,No internet service,No internet service,One year,Yes,Credit card (automatic),23.59,180.18,No
CUST-2026-11885,Female,0,Yes,Yes,32,No,No internet service,No internet service,Month-to-month,Yes,Electronic check,22.16,723.39,Yes
CUST-2026-11886,Female,1,No,No,45,DSL,No,No,Month-to-month,Yes,Bank transfer (automatic),56.97,2571.81,Yes
CUST-2026-11887,Male,0,No,No,35,DSL,No,Yes,One year,Yes,Electronic check,74.3,2601.24,Yes
CUST-2026-11888,Female,0,Yes,No,48,Fiber optic,No,No,One year,No,Electronic check,101.99,4901.28,Yes
CUST-2026-11889,Female,0,Yes,No,36,Fiber optic,No,Yes,Month-to-month,Yes,Electronic check,79.35,2836.45,Yes
CUST-2026-11890,Female,1,Yes,No,25,Fiber optic,No,No,Month-to-month,Yes,Credit card (automatic),81.14,2035.61,Yes
CUST-2026-11891,Female,0,No,Yes,38,Fiber optic,Yes,No,Month-to-month,Yes,Bank transfer (automatic),113.47,4325.96,Yes
CUST-2026-11892,Female,0,Yes,No,72,DSL,Yes,No,Two year,No,Mailed check,49.95,3585.79,No
CUST-2026-11893,Female,0,No,No,67,No,No internet service,No internet service,Month-to-month,Yes,Electronic check,19.4,1296.54,No
CUST-2026-11894,Male,0,No,No,10,No,No internet service,No internet service,One year,Yes,Mailed check,22.63,235.23,No
CUST-2026-11895,Male,0,Yes,No,72,DSL,No,No,Two year,No,Electronic check,61.33,4412.32,No
CUST-2026-11896,Female,0,No,No,51,No,No internet service,No internet service,Month-to-month,Yes,Bank transfer (automatic),21.66,1098.49,Yes
CUST-2026-11897,Female,0,Yes,No,33,Fiber optic,No,No,Two year,No,Electronic check,114.7,3783.12,Yes
CUST-2026-11898,Male,0,No,No,61,DSL,No,No,Month-to-month,Yes,Mailed check,59.73,3645.04,Yes
CUST-2026-11899,Female,0,No,No,30,Fiber optic,No,No,Month-to-month,Yes,Electronic check,99.45,2986.86,Yes
CUST-2026-11900,Female,0,No,No,21,Fiber optic,Yes,No,Month-to-month,Yes,Credit card (automatic),88.82,1858.66,Yes
CUST-2026-11901,Female,0,No,No,70,Fiber optic,No,No,Month-to-month,Yes,Electronic check,84.65,5923.99,Yes
CUST-2026-11902,Male,0,No,No,37,No,No internet service,No internet service,Two year,Yes,Mailed check,22.97,855.13,Yes
CUST-2026-11903,Female,1,No,No,21,No,No internet service,No internet service,Two year,Yes,Electronic check,22.69,484.24,No
CUST-2026-11904,Male,0,No,No,63,No,No internet service,No internet service,Month-to-month,No,Electronic check,22.55,1397.89,No
CUST-2026-11905,Female,0,Yes,Yes,47,Fiber optic,Yes,Yes,One year,Yes,Credit card (automatic),112.25,5273.65,Yes
CUST-2026-11906,Female,0,No,Yes,17,No,No internet service,No internet service,One year,Yes,Electronic check,18.59,324.06,Yes
CUST-2026-11907,Male,0,Yes,Yes,30,DSL,Yes,No,Month-to-month,No,Bank transfer (automatic),44.19,1344.86,No
CUST-2026-11908,Male,1,No,No,2,No,No internet service,No internet service,One year,Yes,Electronic check,24.85,44.98,No
CUST-2026-11909,Male,0,No,Yes,69,DSL,No,No,Month-to-month,Yes,Electronic check,72.14,4967.73,Yes
CUST-2026-11910,Female,0,Yes,No,9,Fiber optic,No,No,Month-to-month,No,Credit card (automatic),92.46,827.89,Yes
CUST-2026-11911,Male,0,No,No,13,Fiber optic,No,No,Month-to-month,Yes,Credit card (automatic),82.95,1076.57,No
CUST-2026-11912,Female,0,Yes,No,33,Fiber optic,Yes,No,Month-to-month,No,Electronic check,114.69,3772.9,Yes
CUST-2026-11913,Female,0,No,No,32,Fiber optic,No,No,One year,No,Electronic check,107.0,3414.71,Yes
CUST-2026-11914,Female,0,Yes,Yes,43,Fiber optic,No,No,One year,No,Bank transfer (automatic),84.16,3606.38,No
CUST-2026-11915,Male,1,No,No,52,DSL,No,No,Month-to-month,No,Credit card (automatic),48.28,2512.12,Yes
CUST-2026-11916,Female,0,Yes,Yes,3,Fiber optic,No,No,Month-to-month,Yes,Credit card (automatic),101.92,310.4,Yes
CUST-2026-11917,Female,1,Yes,No,45,Fiber optic,No,No,Two year,Yes,Mailed check,97.96,4413.01,No
CUST-2026-11918,Male,1,Yes,No,68,DSL,Yes,No,Two year,No,Bank transfer (automatic),64.18,4345.01,No
CUST-2026-11919,Male,0,No,Yes,57,DSL,Yes,No,Two year,Yes,Electronic check,63.69,3626.33,No
CUST-2026-11920,Male,1,No,No,7,Fiber optic,Yes,No,Month-to-month,Yes,Electronic check,76.3,541.61,Yes
CUST-2026-11921,Male,0,Yes,No,7,DSL,Yes,No,Month-to-month,Yes,Electronic check,63.49,439.16,No
CUST-2026-11922,Male,0,No,No,5,Fiber optic,No,No,Month-to-month,No,Mailed check,115.32,575.38,Yes
CUST-2026-11923,Male,0,Yes,Yes,5,DSL,No,No,One year,Yes,Credit card (automatic),42.75,194.93,No
CUST-2026-11924,Male,0,Yes,No,66,No,No internet service,No internet service,Month-to-month,Yes,Electronic check,24.41,1605.57,Yes
CUST-2026-11925,Male,0,No,No,58,No,No internet service,No internet service,One year,Yes,Electronic check,23.95,1380.85,Yes
CUST-2026-11926,Female,0,Yes,No,71,No,No internet service,No internet service,Month-to-month,Yes,Credit card (automatic),22.1,1572.73,No
CUST-2026-11927,Female,0,No,Yes,62,DSL,No,No,Month-to-month,Yes,Mailed check,51.06,3153.78,Yes
CUST-2026-11928,Female,0,No,No,37,Fiber optic,No,Yes,Month-to-month,No,Electronic check,95.15,3524.61,Yes
CUST-2026-11929,Female,0,No,No,62,Fiber optic,Yes,No,Month-to-month,Yes,Credit card (automatic),101.39,6281.93,Yes
CUST-2026-11930,Female,1,No,No,58,No,No internet service,No internet service,Two year,Yes,Credit card (automatic),24.41,1430.93,No
CUST-2026-11931,Female,0,Yes,No,4,No,No internet service,No internet service,Month-to-month,No,Mailed check,18.11,78.0,Yes
CUST-2026-11932,Female,0,No,No,65,Fiber optic,No,No,Two year,Yes,Electronic check,99.66,6473.29,Yes
CUST-2026-11933,Male,1,No,No,66,Fiber optic,No,No,Month-to-month,No,Electronic check,70.45,4642.69,Yes
CUST-2026-11934,Male,0,Yes,Yes,32,No,No internet service,No internet service,One year,No,Bank transfer (automatic),19.12,610.31,No
CUST-2026-11935,Male,0,No,No,30,No,No internet service,No internet service,Month-to-month,No,Credit card (automatic),24.3,721.76,No
CUST-2026-11936,Male,1,Yes,Yes,42,No,No internet service,No internet service,Month-to-month,Yes,Electronic check,20.58,865.72,Yes
CUST-2026-11937,Female,0,No,No,29,DSL,No,No,Month-to-month,No,Mailed check,40.97,1191.66,Yes
CUST-2026-11938,Female,0,No,Yes,68,No,No internet service,No internet service,Month-to-month,Yes,Credit card (automatic),18.43,1262.03,No
CUST-2026-11939,Female,0,No,No,62,DSL,Yes,No,Month-to-month,No,Bank transfer (automatic),55.76,3469.36,Yes
CUST-2026-11940,Female,0,Yes,No,65,Fiber optic,No,No,One year,No,Electronic check,95.83,6201.6,Yes
CUST-2026-11941,Male,0,No,No,23,DSL,No,No,One year,Yes,Electronic check,41.62,958.18,Yes
CUST-2026-11942,Male,0,No,No,26,DSL,No,No,Month-to-month,Yes,Mailed check,42.15,1094.18,No
CUST-2026-11943,Female,1,No,No,38,No,No internet service,No internet service,Two year,No,Bank transfer (automatic),18.74,718.0,No
CUST-2026-11944,Male,1,Yes,Yes,51,Fiber optic,No,Yes,One year,Yes,Credit card (automatic),77.42,3964.53,Yes
CUST-2026-11945,Female,0,Yes,Yes,31,Fiber optic,No,No,Two year,Yes,Mailed check,93.18,2897.96,Yes
CUST-2026-11946,Female,0,No,No,4,DSL,No,No,Month-to-month,Yes,Credit card (automatic),67.38,270.79,Yes
CUST-2026-11947,Male,0,Yes,No,36,DSL,No,Yes,One year,Yes,Electronic check,51.0,1827.26,Yes
CUST-2026-11948,Male,0,No,No,10,Fiber optic,Yes,Yes,One year,Yes,Mailed check,114.79,1145.08,Yes
CUST-2026-11949,Female,0,Yes,No,58,No,No internet service,No internet service,One year,Yes,Mailed check,21.61,1264.23,No
CUST-2026-11950,Female,0,No,No,47,No,No internet service,No internet service,Month-to-month,No,Bank transfer (automatic),22.95,1078.76,Yes
CUST-2026-11951,Female,0,Yes,Yes,69,Fiber optic,No,No,Month-to-month,No,Credit card (automatic),108.87,7523.03,Yes
CUST-2026-11952,Female,0,No,No,64,Fiber optic,No,No,Month-to-month,No,Credit card (automatic),85.21,5448.31,No
CUST-2026-11953,Male,1,No,Yes,7,Fiber optic,Yes,No,Two year,Yes,Mailed check,74.28,531.42,No
CUST-2026-11954,Female,0,Yes,Yes,44,Fiber optic,No,No,Two year,Yes,Electronic check,83.87,3683.34,No
CUST-2026-11955,Male,0,Yes,No,5,Fiber optic,Yes,No,Two year,Yes,Electronic check,113.79,579.09,No
CUST-2026-11956,Male,0,Yes,No,41,DSL,Yes,No,Month-to-month,Yes,Mailed check,40.35,1652.01,No
CUST-2026-11957,Female,0,Yes,No,22,DSL,No,Yes,Month-to-month,No,Mailed check,57.09,1269.76,No
CUST-2026-11958,Female,1,No,No,44,Fiber optic,No,No,One year,Yes,Electronic check,98.3,4317.03,Yes
CUST-2026-11959,Female,0,No,No,7,No,No internet service,No internet service,One year,No,Mailed check,22.83,153.56,Yes
CUST-2026-11960,Female,0,No,Yes,62,Fiber optic,No,No,Month-to-month,Yes,Bank transfer (automatic),95.23,5906.75,Yes
CUST-2026-11961,Female,0,Yes,Yes,56,Fiber optic,No,No,Two year,Yes,Credit card (automatic),77.76,4366.66,Yes
CUST-2026-11962,Male,0,No,No,49,DSL,Yes,No,One year,Yes,Credit card (automatic),51.13,2508.64,No
CUST-2026-11963,Female,0,Yes,No,13,No,No internet service,No internet service,Two year,Yes,Mailed check,24.72,328.16,No
CUST-2026-11964,Female,0,Yes,No,67,No,No internet service,No internet service,Two year,Yes,Mailed check,23.06,1544.39,No
CUST-2026-11965,Female,0,Yes,Yes,40,DSL,Yes,Yes,Two year,No,Electronic check,55.19,2211.28,No
CUST-2026-11966,Male,0,No,No,12,No,No internet service,No internet service,Two year,No,Mailed check,20.49,268.97,No
CUST-2026-11967,Male,0,No,No,60,Fiber optic,No,Yes,Month-to-month,Yes,Electronic check,73.25,4414.3,Yes
CUST-2026-11968,Female,0,Yes,No,8,Fiber optic,No,No,Month-to-month,No,Bank transfer (automatic),75.33,596.15,Yes
CUST-2026-11969,Male,0,No,No,64,Fiber optic,No,No,Two year,No,Electronic check,93.22,5967.06,Yes
CUST-2026-11970,Female,1,Yes,Yes,42,Fiber optic,No,No,One year,Yes,Mailed check,87.39,3666.93,No
CUST-2026-11971,Male,1,Yes,Yes,69,Fiber optic,No,Yes,One year,No,Mailed check,116.74,8045.7,No
CUST-2026-11972,Female,0,Yes,No,24,DSL,No,No,Two year,Yes,Electronic check,49.76,1192.33,No
CUST-2026-11973,Male,0,No,Yes,41,DSL,No,No,Month-to-month,Yes,Credit card (automatic),50.09,2037.01,No
CUST-2026-11974,Male,0,Yes,No,12,Fiber optic,No,No,One year,Yes,Credit card (automatic),77.08,932.05,No
CUST-2026-11975,Male,0,No,No,65,Fiber optic,Yes,Yes,One year,Yes,Mailed check,94.38,6123.62,No
CUST-2026-11976,Female,1,No,No,43,DSL,Yes,No,Month-to-month,No,Credit card (automatic),64.19,2769.42,Yes
CUST-2026-11977,Male,1,No,No,70,No,No internet service,No internet service,Two year,No,Credit card (automatic),23.84,1667.63,No
CUST-2026-11978,Male,0,Yes,Yes,58,DSL,No,No,Month-to-month,No,Credit card (automatic),48.75,2822.28,No
CUST-2026-11979,Male,0,No,No,12,Fiber optic,No,No,Two year,Yes,Electronic check,89.2,1066.86,Yes
CUST-2026-11980,Male,0,Yes,Yes,34,DSL,Yes,Yes,Month-to-month,Yes,Electronic check,59.86,2014.13,No
CUST-2026-11981,Female,0,Yes,Yes,34,DSL,No,No,Month-to-month,No,Electronic check,47.52,1623.9,Yes
CUST-2026-11982,Female,0,Yes,Yes,45,Fiber optic,No,Yes,Month-to-month,No,Credit card (automatic),72.6,3274.87,Yes
CUST-2026-11983,Male,0,No,No,27,DSL,Yes,No,Month-to-month,No,Credit card (automatic),56.53,1519.65,Yes
CUST-2026-11984,Female,1,Yes,Yes,71,No,No internet service,No internet service,Two year,No,Mailed check,24.09,1704.7,No
CUST-2026-11985,Female,0,No,Yes,54,Fiber optic,No,No,Month-to-month,Yes,Bank transfer (automatic),99.02,5326.39,No
CUST-2026-11986,Male,0,Yes,Yes,51,Fiber optic,Yes,No,Month-to-month,Yes,Credit card (automatic),78.53,3992.51,Yes
CUST-2026-11987,Female,0,No,Yes,5,Fiber optic,No,Yes,Two year,No,Mailed check,114.67,571.57,No
CUST-2026-11988,Female,1,Yes,No,59,DSL,No,No,Two year,Yes,Mailed check,52.12,3071.07,Yes
CUST-2026-11989,Male,0,Yes,No,54,Fiber optic,No,Yes,Month-to-month,Yes,Credit card (automatic),80.75,4362.9,No
CUST-2026-11990,Male,0,No,No,59,Fiber optic,No,No,Month-to-month,Yes,Electronic check,91.51,5407.87,No
CUST-2026-11991,Female,0,Yes,Yes,33,Fiber optic,Yes,No,Month-to-month,No,Bank transfer (automatic),114.28,3769.94,No
CUST-2026-11992,Female,0,Yes,No,39,No,No internet service,No internet service,Month-to-month,No,Electronic check,21.28,813.96,Yes
CUST-2026-11993,Male,0,Yes,No,20,Fiber optic,No,No,Month-to-month,No,Bank transfer (automatic),98.06,1963.43,No
CUST-2026-11994,Male,0,Yes,No,71,Fiber optic,Yes,Yes,Month-to-month,No,Mailed check,101.55,7212.99,No
CUST-2026-11995,Male,0,No,Yes,62,Fiber optic,No,No,Month-to-month,Yes,Mailed check,108.74,6739.83,Yes
CUST-2026-11996,Male,0,No,Yes,70,No,No internet service,No internet service,One year,Yes,Mailed check,22.64,1570.92,No
CUST-2026-11997,Female,0,Yes,Yes,26,No,No internet service,No internet service,Month-to-month,Yes,Mailed check,23.2,609.11,No
CUST-2026-11998,Male,1,Yes,No,57,Fiber optic,No,No,Two year,No,Electronic check,107.87,6133.93,No
CUST-2026-11999,Male,0,Yes,Yes,65,Fiber optic,Yes,No,Month-to-month,Yes,Credit card (automatic),113.37,7371.54,No
CUST-2026-12000,Female,0,No,No,7,No,No internet service,No internet service,Month-to-month,No,Electronic check,18.09,126.32,Yes
